"TRT","FAILTIME","FAILCENS","AGE","SEX"
1,1.15068,1,-11.0359436619718,0
1,0.62466,1,-5.12904366197183,0
0,1.89863,0,23.1859563380282,1
0,0.45479,1,11.1448563380282,1
0,2.09041,1,-13.3208436619718,0
1,9.38356,0,0.94215633802817,0
0,1.69863,1,-15.2085436619718,1
0,0.25753,1,-6.31534366197183,1
0,9.64384,0,-14.0825436619718,0
1,1.6137,1,-11.1099436619718,0
0,0.51507,1,-6.52364366197183,1
1,0.85479,1,10.0079563380282,0
1,3.93973,1,16.1147563380282,0
1,0.18082,1,15.0325563380282,0
0,0.35616,1,9.50375633802817,0
1,9.03288,0,-24.0359436619718,1
1,9.63014,0,-28.5592436619718,0
0,0.34795,1,-5.77834366197183,0
1,0.47945,1,-17.5126436619718,0
0,0.6274,1,12.0188563380282,1
1,8.9863,0,-14.7427436619718,0
0,0.08493,1,7.11475633802817,0
0,0.28767,1,-20.3126436619718,0
0,2.13151,1,-20.5482436619718,0
0,8.26301,1,8.01065633802817,0
1,1.83562,0,-0.331843661971831,0
1,0.06027,1,8.09285633802817,1
0,0.92877,1,-24.6249436619718,1
0,0.59726,1,3.81615633802817,0
1,8.75342,0,8.99695633802817,0
0,3.27671,1,-8.98934366197183,0
1,0.12329,1,8.44625633802817,0
0,1.84658,1,-5.78934366197183,0
0,7.25205,0,-14.2879436619718,0
1,3.5863,1,-1.68254366197183,0
1,8.36712,0,-4.18664366197183,1
1,5.30137,1,NA,NA
1,8.99178,0,4.07635633802817,0
1,0.59178,1,-16.8496436619718,0
0,4.76986,0,11.6709563380282,1
1,0.56986,1,4.50925633802817,0
0,0.23014,1,-19.8331436619718,0
0,2.72329,1,20.6435563380282,0
1,8.28767,0,18.5640563380282,1
1,7.83562,0,17.3969563380282,1
1,0.4137,1,22.8407563380282,0
1,8.45753,0,-11.5893436619718,0
0,3.20548,1,-11.0852436619718,0
1,0.55068,1,1.10655633802817,0
0,0.1726,1,11.5777563380282,0
1,1.02192,1,-7.01674366197183,1
0,7.8137,0,-21.0249436619718,0
1,8.33425,0,-10.0688436619718,0
0,0.89589,1,-21.1236436619718,1
1,0.14521,1,16.7750563380282,0
0,8.24658,0,-17.3318436619718,1
0,0.23836,1,14.6079563380282,0
0,3.86575,1,2.96135633802817,0
0,0.91781,1,-0.846843661971832,1
1,0.63288,1,-9.92364366197183,0
0,0.07945,1,6.43535633802817,1
1,4.89315,0,-6.64684366197183,0
0,3.85205,1,10.7120563380282,1
0,0.13151,1,-17.8825436619718,0
1,1.00822,1,12.2161563380282,0
1,0.13151,1,14.3202563380282,1
0,8.0274,0,-13.1099436619718,1
1,2.90411,0,-3.83864366197183,0
1,0.09863,1,-12.8414436619718,1
1,0.56164,1,11.3503563380282,1
0,7.99726,0,-25.0825436619718,1
0,8.34247,0,-11.9153436619718,0
1,2.28219,1,-15.3811436619718,0
1,0.8274,1,9.15855633802817,0
0,0.52603,1,13.6818563380282,0
1,1.48767,1,11.8024563380282,1
0,0.5726,1,-2.54554366197183,1
0,7.94521,0,4.10105633802817,1
1,0.43836,1,14.4490563380282,0
0,4.45205,1,-12.8140436619718,0
1,1.85753,1,-11.8003436619718,0
1,0.60822,0,-14.2879436619718,1
0,0.06027,1,-8.93184366197183,1
1,0.54795,1,-1.26054366197183,0
1,8.4,0,-2.83044366197183,0
1,7.96712,0,-12.0852436619718,1
0,0.12877,1,24.2955563380282,0
1,2.47671,1,12.0490563380282,0
1,2.55616,1,-1.95094366197183,1
1,7.96438,0,-11.6468436619718,1
0,0.10685,1,11.0133563380282,1
0,0.14795,1,-3.81404366197183,0
0,1.94795,1,13.4627563380282,0
0,0.26575,1,-14.5509436619718,1
1,8.0411,0,13.2681563380282,0
0,7.83288,0,0.10375633802817,0
0,0.3863,1,-29.9893436619718,1
0,0.2411,1,-4.70714366197183,0
0,0.19452,1,7.38595633802817,0
1,7.82192,0,4.39145633802817,0
1,0.11507,1,-0.433143661971833,0
1,8.09863,0,11.3257563380282,0
1,2.29589,1,-21.3592436619718,1
0,3.06849,1,-17.8578436619718,0
0,0.12603,1,-28.3509436619718,0
0,1.69589,1,13.9366563380282,1
1,0.43836,1,16.8544563380282,1
1,8.2137,0,-9.04964366197183,1
1,7.41918,0,-14.6797436619718,1
0,0.30959,1,-4.07154366197183,0
1,2.87397,1,-6.07424366197183,0
0,0.06027,1,14.9448563380282,0
1,0.26027,1,-4.23044366197183,1
0,1.87945,1,8.30105633802817,1
0,3.1863,1,-10.9537436619718,0
0,7.53151,0,3.64905633802817,0
0,0.13973,1,19.6681563380282,0
1,7.35616,0,11.2517563380282,1
1,0.30137,1,-17.6825436619718,1
1,7.62192,0,-13.8441436619718,0
0,7.79726,0,1.60515633802817,1
0,0.26575,1,-17.5427436619718,0
1,0.7863,1,-4.36194366197183,0
0,0.41096,1,-22.6249436619718,1
0,0.51507,1,-6.64144366197183,0
1,7,0,-1.61124366197183,0
1,1.09041,1,18.3640563380282,0
0,7.09589,0,0.544856338028168,1
0,1.08219,1,11.4133563380282,1
0,0.44384,1,12.2462563380282,1
0,0.2411,1,-16.7674436619718,1
1,2.15068,0,1.61885633802817,0
0,0.03288,1,-6.29344366197183,0
1,7.30685,0,-2.28524366197183,0
1,0.33699,1,20.8024563380282,0
1,0.34247,1,14.3202563380282,0
1,7.70959,0,-19.2852436619718,0
1,1.70411,1,-12.7783436619718,0
0,6.1589,0,-21.1044436619718,1
1,6.89315,0,-15.7564436619718,0
0,2.39726,1,11.8517563380282,1
0,0.1863,1,10.0270563380282,0
1,1.88219,1,12.7832563380282,0
1,1.23836,1,30.4846563380282,0
0,0.09863,1,-3.60854366197183,0
1,3.02466,1,4.24625633802817,0
0,7.63836,0,5.17775633802817,0
0,1.65205,1,-10.7099436619718,1
1,7.42466,0,-21.0523436619718,0
1,7.04384,0,18.3339563380282,0
0,0.32055,1,2.41065633802817,0
0,0.49589,1,10.9284563380282,0
0,6.93151,0,18.5339563380282,0
1,7.23288,0,25.3120563380282,0
0,6.01096,1,21.8243563380282,0
0,0.09863,1,3.41335633802817,1
1,6.47123,0,1.25725633802817,0
0,0.09589,1,-0.0825436619718332,1
1,0.49041,1,-13.4304436619718,1
0,0.23288,1,6.55585633802817,0
1,1.03288,1,4.13395633802817,1
1,0.04932,1,6.65995633802817,0
1,0.64658,1,0.75315633802817,0
0,0.19452,1,6.84905633802817,1
1,2.31507,1,-8.32364366197183,1
0,1.01644,1,22.2900563380282,1
1,7.0411,0,18.9914563380282,0
1,0.26027,1,-10.9975436619718,1
1,6.34795,0,16.4298563380282,0
0,0.97808,1,1.86815633802817,1
0,0.28767,1,-1.97294366197183,0
0,1.70959,1,10.6407563380282,1
0,6.85479,0,-1.83044366197183,0
0,1.00822,1,2.01335633802817,0
1,0.95068,1,4.43255633802817,0
1,0.13151,1,-12.4825436619718,0
1,0.34795,1,0.613356338028169,1
0,6.40548,0,-8.30714366197183,1
1,0.10411,1,7.03535633802817,0
0,6.30959,0,-17.2167436619718,0
0,0.9863,1,-1.29074366197183,0
1,6.13699,0,0.251756338028173,1
1,1.19178,1,15.6106563380282,0
0,6.48493,0,14.9887563380282,1
1,4.26301,1,-5.94004366197183,1
1,0.1726,1,3.24075633802817,1
1,0.24658,1,2.49835633802817,1
0,1.35342,1,23.7887563380282,0
1,0.8274,1,12.0407563380282,0
1,0.99726,1,6.87365633802817,0
0,0.12603,1,-2.29624366197183,0
1,2.87671,1,-24.8907436619718,0
0,0.90137,1,25.8270563380282,0
1,6.37808,0,14.4216563380282,0
1,1.00274,1,14.2599563380282,0
0,0.13973,1,-12.2797436619718,0
0,0.46301,1,20.3859563380282,1
0,0.10959,1,6.21885633802817,0
0,6.06575,0,1.97775633802817,0
1,1.35068,1,9.73945633802817,0
1,0.1726,1,-13.0057436619718,1
0,1.18904,1,-12.7290436619718,1
0,0.1726,1,-1.95924366197183,1
1,0.85753,1,7.73665633802817,1
1,1.47671,1,-4.17564366197183,1
1,5.54521,0,-10.4003436619718,1
0,0.21918,1,-3.78384366197183,0
0,0.28767,1,5.13945633802817,1
0,0.2411,1,6.32575633802817,0
1,0.26027,1,-11.6770436619718,0
0,2.57808,1,-10.5071436619718,0
1,0.1589,1,5.75585633802817,0
0,6.51507,0,-22.5975436619718,1
1,1.73425,1,11.6873563380282,0
1,6.20274,0,-1.48254366197183,0
1,0.49041,1,-3.72904366197183,1
1,6,0,4.37505633802817,1
0,0.15342,1,-8.06334366197183,1
0,4.86849,1,21.2353563380282,0
1,0.82466,1,12.4188563380282,1
0,0.30959,1,-17.0112436619718,0
1,6.41096,0,-24.8742436619718,1
0,6.02192,0,7.73665633802817,0
1,1.72055,1,-1.99204366197183,0
1,0.64384,1,-7.27154366197183,0
0,0.72603,1,-5.64964366197183,0
1,0.46027,1,-12.0633436619718,0
0,0.14795,1,-11.4578436619718,0
1,0.70959,1,-0.682543661971827,0
1,0.18082,1,-17.1071436619718,1
1,5.7589,0,-14.1564436619718,0
1,1.16438,1,-7.49074366197183,1
0,5.88493,0,8.45175633802817,0
0,0.46575,1,-14.6742436619718,0
1,0.55068,1,-5.22774366197183,1
0,4.74795,0,-11.6852436619718,1
0,5.24658,0,3.44905633802817,0
0,0.07671,1,14.3202563380282,1
0,1.06849,1,20.3257563380282,0
1,1.52055,1,6.82435633802817,1
1,5.16712,1,31.7010563380282,1
1,5.59178,0,15.6928563380282,0
0,5.77808,0,18.1202563380282,0
1,0.14247,1,-12.2030436619718,0
0,1.6411,1,-13.1838436619718,1
0,3.33973,1,20.8517563380282,0
0,5.32329,0,19.0407563380282,1
1,0.86301,1,8.03535633802817,1
1,0.39178,1,3.48185633802817,0
1,4.94795,0,-4.62494366197183,1
1,5.45479,0,11.0763563380282,1
0,1.51507,1,-21.0167436619718,0
1,1.07123,1,7.43805633802817,0
1,3.05479,1,7.03255633802817,1
0,4.40822,0,-12.4715436619718,0
0,0.41644,1,11.4763563380282,0
1,4.92877,0,16.9065563380282,0
1,4.29041,1,2.79695633802817,1
0,0.98904,1,3.52575633802817,0
0,0.36438,1,-6.55094366197183,1
0,1.83288,1,14.7174563380282,1
0,0.32603,1,11.7284563380282,0
1,0.46027,1,-5.35924366197183,0
1,2.08219,1,-21.5208436619718,0
0,0.45205,1,14.1695563380282,0
1,0.30137,1,6.09555633802817,0
0,4.95616,0,-6.56464366197183,0
0,5.12329,0,13.2763563380282,0
0,4.72055,0,1.71205633802817,1
1,4.90685,0,-0.27424366197183,1
0,0.28767,1,-13.9126436619718,1
0,0.32877,1,-12.1372436619718,1
0,0.32055,1,-13.7208436619718,0
1,4.29863,0,-11.2715436619718,0
1,4.63836,0,2.82705633802817,0
0,4.8137,0,10.3421563380282,1
1,2.55068,1,-17.2578436619718,1
1,0.35616,1,4.85175633802817,1
1,4.86027,0,18.2818563380282,1
0,0.43562,1,5.03535633802817,1
1,0.19178,1,13.9229563380282,1
0,4.24384,0,-14.4249436619718,1
0,1.35616,1,4.48185633802817,1
1,4.36164,0,1.62435633802817,0
1,4.81918,0,-3.18664366197183,1
