"drugs","n","e","o","a","c","hones","emoti","extra","agree","consc","openn"
1.8571428571422,117,102,122,115,89,3.4375,3.46875,3.6875,3.28125,3.1875,3.96875
3.07142857142814,69,92,142,140,132,4.21875,2.59375,3.5625,3.34375,3.84375,3.875
1.57142857142814,69,101,117,148,173,3.875,3.46875,2.8125,2.75,3.84375,3.25
2.21428571428593,87,99,130,135,134,3.6875,3.09375,2.9375,3.09375,3.625,3.96875
1.07142857142814,50,116,100,117,130,4.125,2.59375,3.40625,3.71875,3.84375,3.5625
1.42857142857186,62,130,150,97,145,3.0625,2.65625,4.25,2.3125,4.5625,4.21875
1.1428571428578,69,121,105,128,129,3.59375,3.65625,3.96875,2.96875,3.25,3.71875
2.1428571428578,82,99,92,134,125,3.75,3.03125,2.90625,3.09375,3.25,3.3125
2.1428571428578,65,123,129,124,137,4.25,3.03125,3.25,3.4375,3.71875,3.21875
1.07142857142814,80,103,85,145,108,3.90625,3.78125,3.5,3.75,3.34375,2.78125
1.8571428571422,122,103,111,97,84,3.15625,3.28125,2.875,2.96875,2.59375,2.6875
2.5,75,99,92,132,112,4.0625,2.84375,3.40625,3.125,3.5,2.8125
1.8571428571422,111,106,111,108,125,4.28125,3.40625,3.8125,2.9375,3.34375,3.875
2.71428571428593,93,122,152,115,97,3.6875,3.125,3.25,2.71875,3.5625,3.875
1.42857142857186,44,101,82,138,154,3.59375,3.125,2.84375,3.875,3.71875,3.0625
1.71428571428593,126,107,120,109,101,3.71875,3.96875,3.1875,2.625,3.34375,3.59375
1.71428571428593,85,82,73,125,127,3.84375,3.40625,2.78125,3.375,3.875,2.90625
3.1428571428578,123,93,115,126,117,3.4375,3.09375,2.625,4.03125,3.78125,3.625
2.71428571428593,59,132,114,124,114,3.09375,3.5,3.65625,3.25,3.59375,2.75
1.92857142857186,50,135,116,119,111,3.96875,2.75,3.53125,3.71875,3.375,3.46875
2.71428571428593,73,99,98,131,128,3.84375,3.09375,3.25,3.34375,3.4375,3.25
2.28571428571407,59,117,107,98,139,3.15625,2.75,3.46875,3.3125,3.78125,3.5625
2.3571428571422,59,138,102,106,154,3.875,2.875,3.875,2.8125,4.34375,3.3125
1.71428571428593,70,99,115,137,129,4.78125,2.6875,2.875,3.375,3.78125,2.34375
2,112,149,101,127,120,4.1875,3.78125,4.625,2.84375,3.8125,2.625
2.92857142857186,71,93,107,122,111,3.96875,3.21875,3.1875,3.4375,2.875,3.90625
2.5,70,87,127,124,91,3.4375,3.25,3,3.28125,2.78125,3.90625
2.92857142857186,53,77,108,122,112,4.0625,2.75,2.1875,3.34375,3.40625,3.53125
2.6428571428578,82,92,90,132,137,4,3.78125,3.25,2.3125,4.0625,3.09375
2.21428571428593,55,123,123,95,152,3.84375,2.625,3.65625,2.1875,4.28125,3.75
2.78571428571407,70,103,106,138,133,3.9375,3.1875,3.21875,3.9375,3.34375,3.4375
2.71428571428593,90,95,92,121,108,2.6875,3.75,2.96875,3.125,3.0625,3.28125
3.07142857142814,84,105,131,80,122,3.21875,2.5625,3.375,2.5625,4,4
2,73,94,96,118,130,4.15625,2.9375,3.125,2.5,4.15625,3.21875
3,64,117,83,93,141,3.5625,2.8125,2.78125,2.8125,3.96875,3.125
1.92857142857186,69,90,122,123,137,3.78125,2.78125,3.09375,3.34375,3.71875,3.46875
3.07142857142814,66,123,128,106,121,3.84375,3.125,3.9375,2.875,3.625,3.9375
2.57142857142814,83,98,114,119,109,3.4375,3.3125,3.3125,3.46875,3.46875,3.59375
2.71428571428593,103,65,114,119,116,3.53125,3.34375,2.34375,2.875,3.40625,3.59375
3.07142857142814,97,136,140,69,131,3.25,2.34375,3.84375,1.71875,4.3125,4.03125
1.78571428571407,63,83,65,127,146,4.4375,3.21875,2.6875,2.625,3.65625,2.28125
1.78571428571407,70,119,109,134,145,4.1875,3.0625,3.4375,3,3.6875,3.5
3.57142857142814,82,123,138,121,112,3.9375,3.40625,3.34375,3.3125,3.59375,3.75
2.28571428571407,93,88,84,101,123,4.15625,3,3.15625,3.25,3.40625,2.8125
2.78571428571407,96,88,142,132,106,4.25,3.0625,3.125,2.96875,3.6875,4.03125
2.1428571428578,58,123,100,129,155,3.40625,3.09375,3.125,3.65625,4.03125,3.0625
2.71428571428593,80,78,127,107,103,3.375,2.5,2.9375,3.46875,2.9375,3.875
2.71428571428593,83,110,124,90,123,3.375,3.09375,3.25,2.5,3.09375,3.15625
2.3571428571422,54,129,121,141,149,4.125,2.78125,4.09375,3.65625,3.59375,3.09375
2.28571428571407,105,101,131,138,96,3.3125,3.40625,2.78125,3.8125,2.15625,3.59375
1.8571428571422,49,124,103,134,151,3.53125,2.78125,3.59375,2.84375,3.9375,3.4375
2.57142857142814,85,105,89,99,126,2.75,2.96875,3.0625,2.59375,3.375,2.53125
2.1428571428578,76,86,82,98,126,3.71875,2.59375,2.96875,2.5,3.8125,3.1875
3.07142857142814,142,143,174,92,133,3.84375,3.5625,4.1875,2.03125,3.84375,4.34375
2.07142857142814,103,110,110,103,131,3.90625,3.90625,3.46875,2.34375,3.59375,3
3.5,68,102,131,97,114,3.71875,3.375,3.15625,2.9375,3.4375,3.40625
1.71428571428593,91,103,111,143,122,4.0625,3.25,2.84375,3.3125,3.0625,2.96875
2.5,51,86,111,118,129,4,2.59375,2.28125,2.46875,3.375,3.125
2.1428571428578,52,126,115,122,144,3.875,3.4375,4.4375,3.28125,3.53125,3.78125
1.1428571428578,109,83,129,133,101,4.25,4.40625,2.75,3.125,3.03125,3.21875
3.5,51,144,146,116,141,3.84375,2.8125,4.46875,3.4375,3.75,3.84375
1.8571428571422,74,106,124,119,127,3.34375,2.65625,2.75,2.5625,3.5,3.65625
3.28571428571407,69,111,117,126,144,4.1875,3.21875,2.84375,3.3125,3.75,3.1875
2.6428571428578,124,61,86,112,120,4.5,2.8125,2.375,2.875,3.78125,2.84375
2,94,107,112,116,123,3.78125,3.375,3.15625,3.09375,3.71875,3.8125
1.8571428571422,75,110,110,127,124,3.09375,3.28125,3.15625,3.4375,4.0625,3.90625
2.3571428571422,64,121,129,145,145,4.15625,3.25,3.4375,3.96875,3.8125,3.46875
2.21428571428593,54,103,107,100,151,3.71875,2.625,3.65625,3.53125,3.65625,3.5625
3.1428571428578,100,115,142,133,130,3.5625,2.71875,3.09375,3.21875,3.71875,3.78125
2.6428571428578,78,124,124,110,129,3.1875,3,3.28125,2.9375,3.625,3.71875
1.28571428571407,66,109,99,133,143,3.875,3.1875,3.0625,3.65625,3.71875,3.03125
1.6428571428578,76,122,122,123,145,3.71875,3.5,3,2.4375,4.0625,3.59375
2.6428571428578,73,101,141,100,128,3.53125,3.4375,3.59375,3,3.15625,4.0625
2.07142857142814,71,93,107,113,108,3.8125,2.59375,3,3.21875,2.84375,3.625
2.21428571428593,107,104,140,112,114,3.65625,3.71875,2.96875,2.34375,3.875,3.84375
3.07142857142814,80,115,144,101,129,3.5625,3.53125,3.5,2.375,3.375,4.5625
2.42857142857186,93,88,108,124,110,4.1875,3.03125,2.90625,3.125,3.15625,3.21875
3.21428571428593,77,90,126,129,105,4.09375,3.5625,3.21875,2.59375,3.53125,3.53125
2.71428571428593,78,113,122,110,135,3.5625,3.0625,3.09375,2.9375,3.3125,3.5
2.07142857142814,104,138,127,146,91,4.625,3.8125,4,2.8125,3.34375,3.03125
2.42857142857186,70,125,116,113,136,3.875,2.40625,2.40625,3.03125,2.9375,3.3125
2.07142857142814,68,90,121,125,113,3.53125,3.15625,2.90625,3.125,3.15625,3.4375
2.92857142857186,102,132,137,117,128,2.875,3,3.65625,3.4375,4.4375,4
3.42857142857186,72,117,125,129,125,3.625,2.8125,3.125,2.75,3.625,3.75
1.92857142857186,72,94,106,149,124,3.71875,2.65625,2.59375,3.34375,3.40625,3.28125
2.57142857142814,114,62,137,124,91,3.6875,2.96875,3.25,3.78125,2.96875,4
1,57,120,100,142,125,3.53125,3.25,3.625,3.75,3.53125,3.625
2.42857142857186,53,77,84,136,143,3.8125,2.40625,2.84375,2.90625,3.8125,3.03125
2.1428571428578,146,65,110,131,123,4,3.75,2.34375,2.84375,3.5625,3.53125
1.71428571428593,82,150,138,136,163,4.21875,4,3.40625,3.15625,4.375,3.75
1.78571428571407,67,117,114,114,124,3.375,2.96875,2.96875,3.1875,3.03125,3.09375
3.3571428571422,100,99,107,111,121,3.21875,3.46875,3.03125,2.3125,4.0625,3
1.71428571428593,98,112,124,120,124,3.71875,3.65625,3.5,3.25,3.6875,3.5625
1.8571428571422,85,79,92,126,112,3.6875,3.125,2.6875,2.875,3.5625,3.40625
2.07142857142814,62,93,78,122,119,3.15625,2.5,2.9375,3.3125,3.09375,3.0625
2.71428571428593,54,112,124,125,122,3.59375,3.21875,3.0625,3.3125,3.3125,3.71875
1.5,61,124,103,129,134,4.0625,3.15625,3.59375,3.28125,3.375,3.15625
1.57142857142814,59,97,123,122,115,3.71875,3.125,2.875,3,3.375,3.65625
1.1428571428578,90,82,78,138,155,4.5,3.6875,2.1875,3.4375,3.96875,2.28125
1,71,103,90,147,140,4.03125,3,3.21875,3.40625,3.53125,3.3125
2.8571428571422,56,109,103,118,130,3.5625,2.625,2.6875,3.03125,3.4375,3
3.07142857142814,56,75,122,74,155,3.8125,1.46875,2.625,2.46875,3.96875,4.3125
2.1428571428578,91,111,92,106,149,3.5625,4.15625,3.59375,1.59375,3.8125,2.90625
3.3571428571422,132,108,127,115,122,3.84375,3.15625,3.5625,2.53125,3.34375,3.375
3.21428571428593,84,105,137,114,114,3.71875,3.03125,3.21875,3.5,3.5,4.09375
2.78571428571407,103,71,97,85,119,4.15625,2.40625,2.125,2.25,3.65625,3.09375
2.3571428571422,90,110,109,142,127,4.40625,2.40625,3.25,2.5625,3.53125,3.71875
1.6428571428578,67,109,108,129,145,3.84375,3.25,3.65625,3.625,4.0625,3.375
2.28571428571407,34,125,103,134,158,3.875,2.9375,4.1875,3.59375,4.15625,3.71875
2.42857142857186,84,86,89,120,111,3.96875,2.84375,2.71875,3.1875,3.15625,3.03125
2.42857142857186,61,133,144,132,127,3.625,2.78125,4.1875,3.65625,3.96875,3.8125
1.28571428571407,63,103,136,148,160,4.09375,3.28125,3.3125,3.03125,4.4375,3.8125
1.57142857142814,50,63,161,141,136,4.8125,2.9375,2.40625,2.46875,3.875,4.40625
2.21428571428593,62,96,111,111,118,3.8125,2.84375,3.03125,3.1875,3.40625,3.40625
1.92857142857186,74,109,109,112,129,4.09375,2.53125,3.25,3.09375,3.4375,4.03125
1.6428571428578,64,91,119,141,127,4.3125,3.03125,3.28125,3.4375,3.5625,3.25
2,50,109,80,130,154,4.875,2.6875,3.09375,3.375,4.34375,2.15625
3.07142857142814,72,133,102,111,115,3.71875,2.90625,3.8125,3.03125,3.28125,3.21875
2.5,69,57,115,115,109,2.90625,2.65625,2.3125,2.5625,2.65625,3.625
2.92857142857186,92,127,119,97,116,3.75,3.375,3.09375,2.875,3.09375,3.5625
2.57142857142814,83,92,119,127,141,4.09375,2.5,2.84375,2.71875,3.78125,3.6875
2,79,92,131,126,128,4.3125,3.28125,3.03125,3.40625,3.3125,3.90625
2.21428571428593,70,76,74,117,123,3.9375,3.25,2.625,2.78125,3.46875,2.84375
1.28571428571407,108,114,112,153,126,4.25,3.65625,3.25,3.28125,3.875,3.65625
1.07142857142814,61,96,78,96,135,3.375,2.65625,3.21875,3.5625,3.46875,2.75
3,39,140,104,105,157,3.4375,2.4375,3.4375,2.8125,3.9375,3.1875
2.6428571428578,96,90,115,118,126,3.9375,3.59375,3.15625,2.21875,3.5625,3.71875
1.5,73,82,82,123,128,3.96875,3,2.71875,3.4375,3.78125,2.71875
2.07142857142814,107,111,166,108,118,3.59375,3.3125,3.0625,2.96875,3.59375,4.4375
4.28571428571407,88,125,138,107,97,3.09375,3.21875,3.625,1.96875,3.03125,3.6875
2.6428571428578,47,79,106,126,136,4.09375,2.8125,1.9375,3.9375,3.75,3.09375
3.1428571428578,98,96,106,95,104,3.59375,2.96875,3.9375,1.71875,3.15625,4.25
1,26,144,118,149,130,4.625,3.25,4.25,4,3.40625,3.21875
2.57142857142814,90,109,111,84,137,3.03125,2.8125,3.6875,2.5625,3.84375,3.03125
2.8571428571422,77,94,113,122,141,3.3125,2.53125,3.28125,2.75,3.65625,3.46875
2,91,80,88,132,131,4.34375,3.21875,2.375,3.28125,3.625,2.78125
2.42857142857186,67,114,117,93,121,3.90625,2.75,3.40625,2.9375,3.25,3.78125
1.78571428571407,163,116,157,139,97,3.78125,3.65625,3.65625,1.84375,3,3.875
1.57142857142814,49,100,130,144,133,4.25,2.625,2.40625,3.71875,3.9375,3.46875
2.42857142857186,149,84,108,111,67,3.40625,3.375,2.84375,2.75,2.84375,3.6875
2.57142857142814,69,70,114,109,112,3.84375,2.125,2.3125,2.90625,3.34375,3.21875
2.5,94,91,104,97,91,3.53125,3.40625,2.59375,2.4375,2.78125,3.125
2.07142857142814,84,111,110,130,128,3.90625,3.375,3.34375,3.4375,3.6875,3.15625
2.5,66,125,123,119,140,3.59375,3.4375,3.65625,2.46875,3.75,3.6875
1.6428571428578,61,136,120,162,135,4.59375,3.21875,3.375,3.8125,3.46875,2.875
2.3571428571422,68,102,102,122,93,3.84375,3,2.71875,3.5625,3,2.875
2.21428571428593,49,136,105,125,119,4,2.65625,3.65625,3.59375,3.6875,3.5625
1.3571428571422,75,103,107,122,130,3.75,2.9375,3.15625,3.4375,3.9375,3.5
3.21428571428593,65,108,106,121,139,3.84375,2.5625,3.1875,2.40625,3.59375,3.84375
1.8571428571422,61,94,137,143,112,4.25,3.84375,1.875,2.9375,3,3.09375
2.71428571428593,34,101,124,143,157,3.78125,2.25,2.84375,3.4375,3.90625,4
1.57142857142814,57,118,131,134,138,4.65625,2.375,2.96875,3.4375,3.0625,3.375
1.3571428571422,67,122,103,128,125,3.96875,3.0625,3.53125,3.59375,3.15625,3.09375
2.1428571428578,119,89,77,136,103,4.21875,3.40625,2.5,3.09375,3.34375,2.78125
1.6428571428578,84,134,139,125,138,4.34375,3.71875,4.21875,3.09375,3.78125,3.90625
3.6428571428578,100,103,122,94,125,3.0625,3.125,4,1.75,3.15625,4.3125
2.57142857142814,87,62,87,130,135,4.03125,2.96875,2.40625,2.6875,3.59375,2.625
2.3571428571422,59,136,111,128,136,4.3125,3.125,3.53125,2.8125,3.75,3.40625
2.21428571428593,45,102,111,157,111,4.59375,2.96875,3,2.90625,3.46875,2.8125
2.1428571428578,114,109,95,103,111,3.1875,3.625,3.75,2.34375,3.8125,2.65625
1.5,80,106,105,136,146,3.625,4.03125,3.59375,3.15625,4.25,3.28125
1.1428571428578,65,104,114,125,119,4.03125,3.5,3.59375,2.75,3.34375,3.46875
2,63,126,137,117,130,3.78125,3.375,4.03125,3.28125,3.71875,3.3125
1.8571428571422,50,93,131,137,111,4.5625,2.65625,3.625,3.21875,3.6875,3.90625
2.92857142857186,66,112,146,147,143,4.125,2.625,2.75,3.75,4.21875,4.375
2.71428571428593,94,129,142,110,123,3.5625,3.09375,3.375,3.03125,3.9375,4.1875
3.21428571428593,67,99,130,107,141,3.09375,2.3125,2.78125,2.8125,4.40625,3.21875
1.5,141,52,90,140,91,4.5625,4.28125,2.03125,3.6875,3.625,2.84375
2.21428571428593,61,108,108,125,160,3.59375,3.375,3.46875,3.15625,3.96875,3.125
2.5,62,105,114,93,153,3.0625,3.28125,3.25,2.40625,4.15625,3.8125
1.71428571428593,98,96,109,132,97,4.09375,3.46875,3.03125,3.0625,2.84375,3.46875
2.1428571428578,82,119,105,144,130,4.75,3.46875,3.1875,3.59375,4.46875,2.65625
1.07142857142814,77,107,109,136,126,4.3125,3.4375,3.09375,3.4375,3.5,2.84375
2.42857142857186,75,133,139,145,117,3.6875,3.6875,4.3125,2.625,3.6875,4.28125
2.5,84,104,136,100,99,2.65625,3.4375,4,2.25,3.40625,3.84375
2.1428571428578,77,124,92,93,116,2.71875,2.75,3.65625,2.25,3.21875,1.9375
1.8571428571422,66,109,140,100,125,4.03125,2.46875,3.09375,2.875,3.5625,4.3125
1.8571428571422,76,105,101,139,130,4.625,3.96875,3.78125,3.71875,4.0625,3.25
2.92857142857186,70,96,145,85,118,3.34375,3.15625,3.28125,2.78125,3.4375,4.1875
1.07142857142814,142,128,98,131,139,4.375,4.625,3.25,3.65625,4.34375,2.40625
1.71428571428593,71,125,132,123,113,3.6875,2.71875,4.15625,3.34375,3.375,4.59375
3.6428571428578,80,113,114,133,102,3.65625,3,3.4375,2.875,3.25,3.15625
2.78571428571407,84,113,136,129,132,3.28125,3.375,3.6875,2.65625,3.65625,4.21875
1.8571428571422,51,87,76,127,133,4.3125,2.46875,3.09375,3.15625,4,3.0625
2,91,81,118,121,102,3.78125,3.71875,2.9375,3.21875,3.09375,3.53125
2.42857142857186,44,126,114,133,140,3.5,2.6875,3.4375,2.96875,3.8125,3.28125
2.6428571428578,68,107,120,120,107,4,2.96875,3.21875,3.3125,3.5,3.71875
2.57142857142814,90,121,122,121,120,3.46875,3.125,3.75,3.6875,3.4375,3.40625
1.8571428571422,82,143,112,107,139,3.65625,3,3.8125,2.84375,3.8125,3.1875
3.28571428571407,57,134,157,124,158,3.875,2.46875,3.96875,3.625,4.53125,4.3125
1.07142857142814,55,119,113,117,127,3.21875,2.65625,3.5,3.03125,3.625,3.15625
2.21428571428593,45,123,132,99,130,4,2.28125,3.65625,2.53125,3.1875,4
2.28571428571407,71,92,96,124,121,3.4375,2.90625,2.90625,3.53125,3.34375,3.21875
1.78571428571407,95,79,95,111,104,3.65625,3.375,2.1875,3.5,3,3.1875
2.78571428571407,66,127,130,109,125,3.375,3.0625,3.8125,2.9375,3.6875,4.125
2.28571428571407,81,100,120,131,130,3.6875,2.8125,3.25,3.1875,3.46875,3.59375
1.71428571428593,116,72,103,127,89,4,3.375,2.4375,2.78125,2.625,3.3125
1,110,92,105,131,132,4.59375,3.9375,2.90625,2.9375,4.15625,2.875
1.6428571428578,126,114,84,99,97,3.75,3.28125,3.5,1.875,2.96875,2.65625
2.3571428571422,74,96,101,115,110,4.03125,3.03125,3.03125,3.28125,3.1875,3.09375
2.57142857142814,84,95,107,130,124,4.28125,2.71875,3.125,3.59375,3.65625,3.53125
2.28571428571407,105,108,106,138,97,4.15625,3.5625,3.1875,3.59375,2.78125,2.84375
1.28571428571407,62,96,102,130,140,4.53125,2.75,2.84375,3.09375,4.3125,3.65625
1.42857142857186,83,115,96,121,106,3.90625,3.78125,3.6875,3,3.125,3.09375
1.6428571428578,95,113,117,119,122,3.84375,3.40625,3.15625,2.65625,4.03125,3.03125
3.07142857142814,69,130,108,127,140,3.6875,2.625,3.71875,3.40625,4.40625,3.59375
1.8571428571422,60,138,138,133,132,4.53125,3.1875,4,3.5625,4.09375,3.9375
1.8571428571422,75,121,101,121,97,4.625,2.28125,3.9375,2.59375,2.59375,2.8125
3.42857142857186,57,116,54,137,121,4.125,2.25,3,3.0625,3.21875,2.09375
3.28571428571407,85,119,104,89,109,3,2.53125,3.46875,2.78125,3.59375,3.71875
2.5,64,87,92,101,158,3.0625,2.6875,2.90625,2.625,4.53125,3.21875
2.6428571428578,117,79,132,106,109,3.34375,2.90625,3.03125,2.6875,3.5625,3.53125
3.07142857142814,79,109,159,124,98,3.75,3,3.1875,3.1875,3.4375,4.21875
2.57142857142814,62,122,97,130,127,3.5,2.90625,3.0625,3.5,3.34375,2.5
2.6428571428578,75,133,99,105,151,3,3.1875,3.75,2.34375,3.9375,2.75
3.3571428571422,80,118,141,140,104,4.03125,3.6875,3.125,3.40625,2.71875,3.90625
2.28571428571407,64,126,116,149,120,4.25,3.625,4.03125,3.3125,3.3125,3.71875
1.42857142857186,78,120,110,122,117,3.75,2.875,3.15625,3.46875,3.84375,2.9375
2.21428571428593,72,105,101,128,126,3.875,3.1875,3.625,3,3.8125,3.21875
2.42857142857186,34,126,119,144,161,4.34375,3.0625,3.5,3.1875,4,3.40625
2.92857142857186,82,123,128,108,137,3.375,3.125,3.40625,3.28125,3.875,3.8125
1.78571428571407,69,94,115,146,122,4.25,2.65625,3.25,3.53125,3.46875,3.8125
2.42857142857186,23,117,125,151,155,4.90625,2.46875,3.375,3.65625,3.40625,4.15625
2.1428571428578,63,130,143,134,108,4.03125,3.25,3.625,3.90625,2.8125,3.96875
2.07142857142814,95,105,121,119,131,3.8125,3.40625,3.5625,3.15625,3.15625,4.15625
3.28571428571407,87,129,115,112,115,4,3.71875,3.53125,2.84375,3.15625,2.75
2.21428571428593,75,104,137,127,133,4.09375,3.15625,2.9375,3.0625,3.75,3.4375
1.1428571428578,65,120,117,92,159,3.75,1.84375,4.375,2.75,4.59375,4.0625
2.1428571428578,73,107,125,118,118,3.75,3,3.28125,3.1875,3.5625,3.65625
2.07142857142814,116,102,97,124,120,3.5625,3.28125,3.375,3.09375,3.8125,3.5
2.1428571428578,39,90,114,115,131,4.5,3.0625,2.875,2.96875,3.75,3.65625
2.6428571428578,91,90,114,87,148,3.375,3.21875,3.3125,2.125,4.15625,3.90625
1.07142857142814,107,84,105,143,127,4.1875,4.03125,2.21875,3.6875,3.875,2.28125
1.92857142857186,80,135,95,119,152,3.5,3.75,4.03125,2.8125,4.21875,2.625
2.1428571428578,78,97,104,125,133,4.09375,3.34375,2.625,3.25,3.78125,2.96875
2,108,113,92,143,115,4.59375,4.03125,3.25,2.8125,3.3125,2.53125
3.21428571428593,86,116,100,112,108,3.40625,3.71875,3.6875,2.71875,3.21875,3.0625
3.28571428571407,84,130,91,112,123,3.03125,3.09375,3.71875,2.46875,2.75,2.625
1.21428571428593,67,80,105,140,123,4.3125,3.65625,2.59375,3.25,3.5625,2.90625
2.1428571428578,81,94,136,126,109,4.1875,2.78125,3,3.15625,3.75,4.3125
3.5,148,62,64,101,78,3.90625,3.5,2.34375,2.03125,2.03125,2.375
1.57142857142814,41,158,79,110,92,2.875,2.75,3.90625,3.71875,2.1875,2.59375
1.21428571428593,31,94,96,147,156,4.125,2.25,2.9375,3.0625,4.15625,3.59375
1.78571428571407,79,91,83,155,123,4.53125,3.34375,2.40625,4.28125,3.40625,2.71875
1.28571428571407,93,108,120,147,137,4.59375,4.21875,4.15625,3.4375,3.5,3.65625
1.57142857142814,65,106,110,143,104,3.0625,3.09375,3.28125,3.53125,3.03125,3.625
2,89,114,98,106,131,3.34375,3,3.5,2.5625,3.1875,3.25
2.6428571428578,57,104,80,96,156,3.1875,3.75,3.59375,2.53125,4.40625,3.65625
2,60,76,64,144,135,4.21875,2.625,2.21875,2.65625,4.125,2.875
3,62,114,108,115,143,2.90625,3,3.625,3,3.96875,3.625
3.21428571428593,138,93,131,140,96,4.03125,3.375,2.78125,3.5,3.375,3.59375
1.71428571428593,82,135,141,106,127,2.875,2.9375,3.9375,2.84375,4.03125,4
2.3571428571422,67,105,51,103,136,4.25,3.3125,3.34375,1.78125,3.65625,1.96875
2.1428571428578,105,70,103,139,99,4.59375,2.90625,2.34375,3.25,3.4375,2.6875
3.21428571428593,61,102,98,123,127,3.875,2.59375,2.625,3.40625,3.65625,2.5625
2.21428571428593,83,104,100,134,130,3.65625,3.75,2.9375,3.625,3.84375,3.21875
1.21428571428593,66,125,109,134,126,3.875,3.03125,3.53125,3.03125,3.8125,2.96875
1.8571428571422,68,93,129,123,142,3.8125,3.125,2.9375,2.84375,3.96875,3.46875
1.92857142857186,62,128,52,125,155,2.5625,3.78125,3.625,3.59375,3.03125,1.28125
2.1428571428578,57,90,88,128,117,3.1875,2.1875,2.84375,3.4375,3.3125,3.1875
1.21428571428593,83,112,107,156,103,4.34375,3.25,2.84375,3.71875,3.21875,3.6875
2.6428571428578,47,128,112,125,127,3.71875,2.59375,3.65625,3.40625,3.40625,3.3125
2.5,67,129,111,133,127,3.875,2.90625,3.5,3.25,3.65625,3.28125
1.57142857142814,125,118,99,130,98,3.90625,3.5,2.875,3.25,3.03125,2.65625
2.28571428571407,71,105,124,131,113,4.59375,2.84375,3.21875,3.5,3.3125,3.71875
1.92857142857186,94,82,77,125,113,3.90625,3.0625,2.71875,2.9375,3.4375,2.625
2.1428571428578,54,86,79,126,123,4.65625,2.46875,2.59375,3.71875,3.875,2.9375
1,51,103,80,146,156,4.5,2.78125,3.625,3.84375,4.34375,3.3125
2.21428571428593,57,110,112,135,138,4.25,2.75,3.40625,3.34375,3.53125,3.3125
3,68,122,77,103,140,3.59375,2.65625,3.40625,2.15625,3.90625,3.15625
2.1428571428578,89,111,111,113,114,3.90625,3.5625,3.21875,2.90625,3.09375,3.5
1.8571428571422,57,97,94,106,121,3.46875,2.5625,3.78125,2.75,3.5,3.6875
1.92857142857186,61,136,138,138,116,3.34375,2.875,3.90625,3.53125,3.5,3.46875
3.21428571428593,73,81,102,138,133,4.21875,2.625,2.75,3.125,3.90625,3.21875
2.28571428571407,95,123,112,148,134,4.28125,3.1875,3.03125,3.4375,3.5625,3.21875
2.42857142857186,93,123,89,117,103,3.1875,3.40625,3.46875,2.875,3.40625,3.09375
1,112,94,89,112,136,4.375,3.3125,2.71875,2.78125,3.90625,2.84375
1.3571428571422,79,110,101,107,100,4.4375,2.625,3.28125,3.375,2.78125,3.875
1.78571428571407,93,85,91,127,96,3.375,2.96875,2.25,3.53125,2.90625,2.28125
1.78571428571407,69,99,100,141,136,4.03125,3.5,3.125,3.96875,3.84375,3.40625
3.1428571428578,88,143,147,112,121,3.5,3.375,4.09375,2.5625,3.75,3.9375
3.3571428571422,82,149,102,118,151,3.15625,3.21875,3.90625,2.09375,4.125,3.375
2.42857142857186,111,107,116,100,116,4.75,4.03125,3.53125,3.25,3.65625,3.53125
2.3571428571422,76,118,112,112,145,3.59375,3.15625,2.84375,3,3.84375,3.25
1.92857142857186,44,87,91,115,149,3.09375,2.8125,2.75,3.09375,3.0625,2.90625
1.57142857142814,72,107,133,149,133,4.125,3.8125,3.3125,3.3125,3.59375,3.71875
1.3571428571422,76,136,142,138,123,4.0625,3.625,3.96875,3.4375,3.6875,4.125
3.71428571428593,97,102,77,73,91,2.9375,2.96875,3.28125,2.46875,2.90625,2.8125
3.21428571428593,50,155,121,118,110,3.4375,2.65625,3.84375,3.03125,3.59375,3.875
3.8571428571422,125,109,118,78,102,3.25,2.96875,2.5625,2.65625,3.0625,3.15625
2.07142857142814,75,115,96,139,157,4.65625,2.875,3.0625,3.1875,4.125,2.75
3.78571428571407,119,144,111,124,141,3.5625,3.625,3.53125,2.53125,3.78125,3.03125
2.28571428571407,60,99,115,122,144,4.25,3.34375,2.875,2.75,3.6875,3.375
1,75,102,90,138,117,4.25,3.375,3.375,3.875,3.46875,2.75
2.3571428571422,65,112,111,123,107,4.21875,3.40625,3.5,3.1875,3.3125,3.34375
2.71428571428593,74,136,133,128,140,3.375,3.46875,3.6875,2.96875,3.53125,3.90625
1.28571428571407,75,130,124,136,159,4.09375,2.875,3.5,4,4.65625,3.34375
2.5,72,133,123,132,129,3.46875,3.46875,3.96875,3.40625,4.03125,4.0625
2.21428571428593,93,100,94,89,123,3.71875,3.03125,3.125,2.21875,3.46875,3.375
2.71428571428593,30,141,139,119,132,3.21875,2.59375,3.75,3.71875,3.125,3.96875
1,126,72,64,153,127,4.40625,3.46875,2.4375,3.78125,4.5,2.75
3.5,98,92,131,121,111,4.09375,1.96875,2.71875,3.40625,3.4375,4.03125
2.8571428571422,98,119,137,110,126,3.90625,3,3.4375,2.1875,3.90625,4.0625
3.28571428571407,117,124,128,93,124,3.4375,3.34375,3.78125,2.21875,3.1875,3.78125
2.1428571428578,74,121,108,124,141,3.90625,3.46875,3.0625,3.3125,3.75,3.71875
1.92857142857186,92,91,97,117,135,4.59375,2.9375,3.46875,2.875,4.09375,2.875
3.1428571428578,86,103,130,103,131,3.53125,3.0625,2.78125,3.75,3.75,3.9375
1.21428571428593,67,117,82,123,141,4.40625,2.5,3.375,3.34375,3.625,3
2.1428571428578,126,138,131,99,113,3.28125,3.65625,4.21875,2.1875,3.28125,3.625
3.3571428571422,82,117,86,122,118,3.875,2.625,3.625,2.65625,3.78125,3.03125
2,55,109,129,135,116,4.09375,3,3.34375,3.25,3.34375,3.9375
2.3571428571422,122,72,91,105,89,3.625,3.09375,2.15625,2.9375,2.65625,3.125
1.78571428571407,94,59,73,143,134,4.4375,3.34375,2.59375,3.6875,4.5,2.5625
2.1428571428578,72,103,111,139,127,4.5,2.8125,3,3.375,3.4375,3.15625
2.3571428571422,94,115,109,145,122,3.8125,4,3.9375,3.03125,3.6875,3.28125
3.42857142857186,76,137,161,126,96,3.84375,3.4375,3.96875,3.4375,3.0625,4.25
2,60,100,76,139,140,4.375,2.96875,3.03125,3.78125,3.4375,2.90625
1.28571428571407,53,103,98,136,147,4.625,2.875,2.65625,3.71875,4.0625,2.875
2.21428571428593,70,97,105,113,131,3.4375,2.65625,3,3.40625,3.53125,3.0625
3.3571428571422,83,133,149,123,89,3.46875,2.96875,3.96875,3.6875,2.90625,3.84375
1.3571428571422,150,62,80,106,157,3,4.46875,1.625,3.03125,4.59375,3.25
2.3571428571422,74,81,131,104,131,3.78125,3.0625,2.375,2.65625,3.59375,3.3125
3.07142857142814,64,114,97,115,129,3.25,2.625,3.46875,3.3125,3.625,3.375
2.07142857142814,127,90,102,137,150,3.53125,3.8125,3.28125,3.1875,4.46875,3.03125
2.5,69,111,110,113,133,3.59375,2.6875,2.75,2.6875,4.03125,3.53125
2.78571428571407,71,115,141,129,99,4.5625,2.65625,2.5,3.6875,2.84375,3.75
2.28571428571407,89,112,124,112,91,3.90625,3.25,3.6875,3.0625,3.09375,3.71875
3.5,66,124,126,117,127,3.625,3.34375,3.53125,3.5625,3.875,3.625
2.5,65,118,114,103,130,3.15625,2.6875,3.71875,3.0625,3.59375,3.5625
1.8571428571422,79,110,122,129,127,3.46875,3.59375,3.28125,2.65625,3.8125,3.96875
3.07142857142814,114,98,111,120,120,3.84375,2.90625,3.65625,2.84375,3.59375,3.46875
2.21428571428593,87,121,109,153,138,4.65625,3.03125,3.4375,4,4,3.21875
1.1428571428578,75,125,86,128,134,3.9375,3.03125,3.71875,3.34375,3.90625,3.09375
2.71428571428593,69,91,93,134,133,3.75,2.4375,2.625,3.25,3.9375,3.1875
3.1428571428578,71,122,152,137,98,4.0625,3.09375,2.875,4.03125,2.875,4.15625
2.1428571428578,114,70,70,122,130,3.875,3.25,2.375,2.8125,3.96875,2.71875
1.28571428571407,89,109,110,123,105,3.71875,3.5625,3,3.4375,3.875,3.125
2,73,110,138,127,119,3.46875,2.59375,3.15625,3.09375,3.34375,3.90625
1.71428571428593,102,96,101,96,91,3.6875,3.5,3.125,2,3.21875,3.4375
3,94,99,130,99,131,2.96875,3.125,2.84375,2.65625,4.0625,4.0625
3.1428571428578,69,74,112,123,118,4.09375,3.03125,2.34375,2.875,3.53125,3.75
2.92857142857186,125,96,130,111,89,3.0625,2.90625,2.84375,2.90625,3.40625,3.5
3.42857142857186,116,94,111,88,95,3.5,2.5,3.5,2.65625,3.1875,3.3125
2.78571428571407,51,115,128,130,114,3.5625,3.0625,3.4375,3.40625,3.15625,3.96875
2.5,45,129,58,143,155,3.96875,2.96875,3.71875,3.4375,4.125,2.28125
1.1428571428578,50,92,126,127,123,4.3125,2.46875,2.84375,3.5,3.3125,3.5625
2.5,66,130,121,126,150,4.25,2.9375,3.90625,3.09375,4.1875,3.21875
1.3571428571422,113,110,112,96,110,3.4375,3.09375,3.1875,2.53125,3.25,3.3125
3.07142857142814,90,122,112,109,140,3.28125,3.1875,3.75,3.34375,4.375,3.5625
2.92857142857186,76,104,144,141,110,3.96875,3.5625,3.375,3.65625,3.375,4.46875
2,68,87,74,127,123,4.125,2.34375,2.40625,3.875,3.28125,2.03125
2.78571428571407,103,79,114,130,119,3.75,3.40625,2.6875,3.1875,3.15625,3.3125
2.3571428571422,59,155,142,124,164,4,3.25,4.3125,2.875,4.125,4.125
1,129,94,103,116,108,3.90625,3.09375,3.0625,2.90625,3.8125,3.09375
2.57142857142814,78,129,125,122,125,3.78125,3.3125,3.46875,3.09375,3.65625,3.90625
2.1428571428578,76,134,108,121,113,3.75,3.125,3.96875,2.5,3.25,3.3125
1,27,118,81,147,163,4.21875,2.875,3.59375,4.03125,4.3125,3.1875
2.57142857142814,61,92,103,127,151,3.75,3.03125,2.71875,2.78125,3.75,3.71875
1.6428571428578,66,107,91,119,127,4,3.1875,2.875,3.0625,3.59375,2.84375
2.21428571428593,142,103,101,86,121,3.78125,3.625,3.03125,2.65625,3.8125,3.375
2.42857142857186,127,108,128,129,100,3.875,3.71875,3.53125,3.21875,3.5,3.96875
2.78571428571407,58,141,88,152,122,4.0625,3.6875,3.75,3.625,3.375,3.25
2.78571428571407,94,76,137,119,101,4.125,3.46875,2.625,2.65625,3.53125,3.625
3.21428571428593,74,129,111,127,117,4.0625,3.25,3.71875,3.65625,3.5,3.875
1.42857142857186,84,105,159,153,101,4.21875,2.84375,2.96875,3.03125,2.59375,4.375
2.42857142857186,66,130,112,133,125,4.0625,2.84375,3.5625,3.15625,3.71875,3.75
2.42857142857186,92,100,105,123,127,3.65625,3.34375,3.4375,3.4375,3.3125,2.5
2.28571428571407,63,100,159,143,180,4.09375,3.375,3.5625,3.3125,4.75,4.71875
3.07142857142814,111,89,134,133,140,4.34375,3.40625,3.03125,3.28125,3.53125,3.59375
1,85,92,73,137,155,4.59375,3.8125,2.8125,3.03125,4.03125,2.34375
2.07142857142814,103,105,110,129,146,3.875,3.46875,3.6875,2.84375,4,3.9375
2.6428571428578,45,114,132,129,107,3.59375,2.625,3.09375,3.125,3.21875,3.28125
1.71428571428593,91,105,106,145,125,4.0625,3.3125,2.4375,3.34375,3.3125,3.15625
1.92857142857186,63,116,140,131,125,3.84375,2.84375,3.375,3.65625,3.90625,3.75
1.42857142857186,118,91,78,171,136,4.84375,3.15625,1.9375,4.4375,3.75,3.6875
1.07142857142814,100,52,89,139,126,4.4375,2.6875,1.8125,3.84375,3.8125,3.25
2.21428571428593,82,123,120,124,121,3.84375,3.3125,3,3.25,3.1875,3.1875
3.28571428571407,73,106,110,143,117,3.84375,3.1875,3.125,3.125,3.1875,3.4375
1.71428571428593,105,113,115,145,140,3.90625,4,3.0625,3.46875,3.375,2.96875
2.21428571428593,66,97,91,137,129,4.03125,2.90625,3.09375,3.59375,3.5,3.34375
3.42857142857186,106,118,127,113,124,3.84375,3.90625,2.84375,2.625,3.90625,3.5
1.1428571428578,73,74,145,135,119,3.65625,2.90625,2.59375,3.1875,3.3125,3.65625
2.42857142857186,38,121,133,133,145,3.5,2.90625,3.5625,3.40625,4.28125,3.625
2.42857142857186,70,130,127,134,132,4.125,2.75,3.75,3.75,3.6875,3.65625
2.1428571428578,75,117,97,150,129,4.78125,3.9375,3.5625,2.75,3.5,2.75
1.78571428571407,71,86,99,147,136,4.5625,3.78125,2.5625,3.6875,4.1875,3.25
2.6428571428578,72,113,135,125,113,3.875,2.9375,3.1875,2.625,3.34375,3.4375
1.71428571428593,73,129,135,139,120,3.75,3.84375,3.84375,3.3125,3.8125,3.40625
2.1428571428578,90,95,146,122,95,4.21875,3.8125,2.9375,3.28125,3.03125,3.90625
2.6428571428578,74,128,94,135,144,3.875,3.46875,3.375,3.03125,3.875,2.625
2.42857142857186,78,115,157,128,115,3.40625,3.8125,3.625,2.84375,3.3125,4.03125
2.57142857142814,103,92,123,90,123,2.9375,3.59375,2.65625,2.875,3.625,3.0625
1.6428571428578,46,143,95,140,158,4,2.46875,3.8125,3.78125,3.90625,2.9375
2.21428571428593,128,134,159,130,126,3.875,3.71875,4,3.0625,3.875,4.03125
2.28571428571407,80,126,129,121,133,3.625,3.5625,3.78125,3.3125,3.9375,3.625
1.28571428571407,70,111,108,124,119,4,3.53125,3.25,3.40625,3.78125,3.21875
1.71428571428593,73,113,129,132,121,4.3125,3.34375,3.46875,2.75,3.4375,3.46875
2.6428571428578,89,119,131,135,129,4.59375,3.625,3.09375,2.96875,3.84375,3.625
2,102,135,121,131,44,3.65625,3.21875,3.90625,3.5625,2,2.875
1.5,77,119,116,137,133,4,4.1875,3.5625,3.15625,3.90625,3.6875
2.28571428571407,124,113,126,121,128,3.09375,4.1875,3.28125,2.15625,4.1875,3.6875
1.57142857142814,85,99,107,136,113,3.875,3.5625,2.6875,3.625,2.96875,3.34375
3,83,70,135,113,93,4.8125,3.3125,2.3125,3.71875,2.90625,4
1.6428571428578,101,92,135,139,81,4.5625,3.625,3.59375,3.90625,3,4.65625
3.07142857142814,56,119,120,118,121,4.28125,2.875,3.625,3.5625,3.5625,3.0625
1.5,27,79,117,121,156,4.46875,3.03125,2.6875,2.5,3.71875,3.65625
2.28571428571407,74,120,109,132,116,3.875,3.03125,4.0625,3.40625,3.3125,3.09375
2.28571428571407,45,102,135,147,132,4.6875,2.75,3.0625,3.90625,3.8125,3.71875
2.07142857142814,90,115,111,151,111,4.40625,3.21875,3.5625,3.3125,3.5,3.375
2.71428571428593,66,128,116,136,159,4.34375,3.46875,3.59375,3.15625,4.28125,3.625
1.8571428571422,115,116,127,108,127,4,3.78125,3.71875,2.5,3.3125,3.34375
2.21428571428593,55,120,137,160,145,4.5625,3.125,3.78125,3.78125,4.125,3.5625
2,121,97,124,90,119,3.78125,3.75,2.59375,1.90625,4.15625,2.84375
2.42857142857186,87,92,127,143,142,4.28125,3.09375,2.96875,3.84375,3.71875,3.625
2.21428571428593,115,94,117,122,141,3.65625,3.90625,2.5625,2.96875,3.875,3.5
1.8571428571422,102,105,72,153,131,4.1875,4,3.03125,3.46875,3.71875,2.4375
3.28571428571407,67,100,139,106,136,3.59375,2.5625,3.40625,3.125,3.625,4.71875
2.42857142857186,64,105,112,115,134,3.5625,3.21875,3.375,2.84375,4,3.875
1,75,111,117,132,118,4.3125,3.25,3.3125,4.375,4.21875,3.625
2.92857142857186,75,109,131,124,94,3.625,3.46875,3.53125,3.21875,3.5,3.5625
2.3571428571422,71,91,99,120,99,4.125,3.4375,2.875,3.65625,2.59375,3.375
2.42857142857186,89,70,138,128,114,3.90625,4.03125,3.3125,2.78125,3.875,3.84375
1.6428571428578,75,50,80,143,147,4.84375,3.84375,1.625,2.84375,4.0625,3
2.42857142857186,89,120,132,96,76,3.25,4.21875,3.84375,2.96875,2.46875,3.96875
2.71428571428593,67,82,103,122,130,4.15625,3.3125,2.875,3.15625,3.375,3.34375
2,102,84,98,147,149,4.15625,3.5,2.4375,2.96875,3.96875,3.21875
2.42857142857186,24,121,129,145,153,4.75,3.15625,4.0625,3.28125,3.6875,3.4375
1.28571428571407,82,123,93,123,126,3.6875,3.6875,3.71875,2.8125,3.65625,2.8125
1.07142857142814,82,87,73,95,141,3.71875,3.71875,2.6875,3.15625,3.5,2.25
2.57142857142814,57,98,165,132,137,3.8125,3.125,3.53125,3.4375,3.78125,4.1875
2.42857142857186,80,115,135,138,115,4.28125,3.4375,3.375,2.75,3.5,3.8125
3.28571428571407,34,116,105,107,168,4.40625,2.46875,3.375,3.5,4.46875,4
2.28571428571407,54,114,122,131,133,3.9375,2.6875,3.15625,3.1875,3.78125,3.4375
1.57142857142814,96,109,120,135,115,4.875,3.40625,3.5625,2.78125,3.59375,3.625
2,112,102,133,96,103,3.375,4,2.5625,2.5625,3.21875,3.21875
2.6428571428578,40,122,110,129,131,3.96875,3.09375,2.8125,3.15625,3.21875,3.3125
1.21428571428593,84,98,107,125,122,4.34375,3.3125,3.0625,3.625,3.65625,3.84375
3.21428571428593,54,120,132,115,132,3.59375,2.8125,3.40625,3.21875,4.03125,3.5
1.3571428571422,73,119,124,128,119,4.15625,3.46875,3.53125,3.4375,3.46875,3.65625
1.71428571428593,96,126,138,145,108,4.21875,4,3.5,3.4375,3.65625,4.28125
3.1428571428578,89,83,91,140,117,4.40625,2.90625,3.09375,3.46875,3,2.9375
3,117,141,156,130,124,3.5625,4,4.375,1.96875,3.5,3.71875
2,83,105,113,127,112,3.5,3.71875,3.15625,3.40625,3.78125,3.40625
2.07142857142814,130,78,111,92,122,4,3.09375,2.78125,1.9375,4.0625,3
2.21428571428593,62,92,134,126,136,4.5,2.5,3.46875,4.03125,3.5,3.78125
3.1428571428578,81,114,108,119,129,3.65625,3.0625,2.90625,3,3.375,3
2.07142857142814,94,114,104,130,85,3.84375,3.40625,3.28125,2.84375,2.46875,2.90625
1.1428571428578,49,109,74,132,156,4.59375,2.9375,3.125,3.40625,3.96875,3.0625
1.78571428571407,60,115,126,126,142,3.96875,3.125,3.875,3.84375,3.875,3.75
1.78571428571407,84,122,116,128,118,4.1875,3.3125,3.40625,3.4375,3.3125,3.09375
1.78571428571407,71,134,125,138,123,4.0625,3.34375,3.65625,3.8125,3.59375,3.4375
1.8571428571422,115,122,116,117,131,4.40625,4,3.5,2.65625,3.84375,3.59375
1.78571428571407,90,107,91,117,114,3.6875,3.5,3.28125,2.78125,3.4375,3.03125
2.5,70,84,99,81,122,4.03125,2.96875,3.65625,3.28125,3.25,3.5
2.07142857142814,59,108,94,127,141,4.53125,3.25,3.03125,3.375,4.03125,2.96875
2,36,78,84,155,130,4.125,2.90625,2.5,3.9375,3.15625,2.6875
2.8571428571422,75,82,70,134,125,4.0625,3.21875,2.625,3.03125,3.46875,2.40625
2.78571428571407,66,113,109,112,122,3.125,3.375,3.65625,2.53125,3.96875,2.875
2.42857142857186,92,87,93,142,107,3.8125,3.5625,2.46875,3.4375,2.9375,2.875
2.8571428571422,74,120,90,130,131,4.40625,3.71875,3.46875,2.75,3.5625,2.625
2.92857142857186,70,135,146,148,107,4.46875,2.84375,3.4375,3.21875,2.8125,3.90625
1.78571428571407,96,126,131,141,120,3.65625,3.25,3.0625,3.125,3.75,3.625
1.21428571428593,77,140,132,135,129,3.46875,3.78125,3.53125,3.25,3.34375,3.40625
3.1428571428578,89,79,139,155,121,4.0625,2.90625,2.15625,3.375,3.4375,3.90625
1.92857142857186,71,102,104,114,128,3.40625,3.125,3.1875,2.875,3.34375,3.5
3.07142857142814,74,74,120,130,105,4.4375,3.09375,2.625,3.375,3.0625,3.75
2.1428571428578,68,116,124,134,119,3.21875,3.28125,3.9375,3.46875,3.3125,4.40625
1.6428571428578,95,99,108,115,107,4.0625,3.65625,3.0625,3.59375,3.75,2.78125
2.57142857142814,61,129,126,169,100,3.84375,3.375,3.4375,3.5625,3,3.15625
1.5,140,92,108,127,127,3.6875,4.3125,2.625,3.15625,3.28125,3.40625
3.21428571428593,84,117,151,129,132,3.3125,2.71875,2.6875,2.84375,3.46875,3.96875
1.57142857142814,107,92,75,118,127,4.1875,3.46875,3.5,2.90625,3.125,3.0625
2.57142857142814,87,79,102,99,112,3.90625,3.125,2.40625,2.6875,3.5625,2.4375
1.57142857142814,74,98,110,130,150,4.3125,2.65625,2.71875,3.25,4.34375,3.03125
1.28571428571407,58,114,115,127,132,4.3125,3.65625,3.75,3.03125,3.3125,3.53125
2.28571428571407,68,101,131,126,146,3.5,3.53125,3.21875,3,4.15625,4.375
1.07142857142814,66,93,59,118,154,3.8125,3.03125,3.5,2.4375,4.40625,2.125
2.78571428571407,62,83,106,105,139,3.96875,3.1875,2.71875,3,4.03125,3.34375
2.3571428571422,67,127,141,133,120,4.25,3.1875,4.3125,3.75,2.90625,4.03125
2.42857142857186,68,123,110,133,130,4.28125,2.53125,3.0625,3.59375,4.0625,3.4375
2.07142857142814,76,85,118,130,102,4.5625,2.65625,2.625,2.96875,3.03125,3.71875
3,84,117,107,122,105,4.125,3.21875,3.5625,3.21875,2.75,3.3125
1.92857142857186,103,101,123,111,144,3.84375,2.90625,3.15625,3.625,3.4375,3.71875
2.1428571428578,73,101,154,155,111,4.6875,4.09375,2.84375,3.59375,3.625,4.0625
1.8571428571422,90,109,98,117,132,3.125,3.75,3.28125,3.0625,3.09375,3.71875
2.3571428571422,116,138,93,109,146,3.46875,3.46875,4.0625,2.34375,3.8125,3.34375
2.92857142857186,74,105,107,121,136,3.5,3.65625,3.28125,2.625,3.21875,3
2.28571428571407,124,89,135,116,109,3.96875,3.15625,3.0625,3.3125,3.25,3.8125
1.5,45,119,118,147,148,4.53125,3.0625,3.40625,3.65625,3.84375,3.84375
1.8571428571422,103,134,131,128,103,3.78125,3.71875,3.625,3.125,3.53125,3.8125
1.42857142857186,64,124,131,154,121,4.125,3.28125,3.125,3.75,3.1875,3.46875
2.42857142857186,65,139,122,119,118,4.09375,3.125,3.46875,3.375,3.40625,3.3125
3.5,68,115,137,112,128,3.1875,2.8125,3.5625,3.28125,3.4375,4.03125
2.5,83,91,128,127,95,4.03125,3.875,2.65625,3.0625,3.1875,3.53125
1.42857142857186,56,110,77,130,148,4.125,2.40625,3.65625,3.25,3.4375,3.65625
2.92857142857186,81,99,126,140,134,4.625,4.28125,2.78125,3.15625,3.53125,2.96875
1.6428571428578,111,86,78,125,120,4.71875,3.8125,2.71875,2.5,3.03125,2.65625
2.28571428571407,56,79,95,106,118,4.15625,1.875,2.9375,2.34375,3.65625,3.1875
1.92857142857186,141,109,100,77,106,3.75,3.53125,3.78125,2.625,3.8125,2.6875
1.71428571428593,112,48,106,126,119,4.5625,3.5625,2.0625,3.09375,3.125,2.75
2.1428571428578,44,134,138,154,136,4.40625,2.625,4,3.5,4.09375,4.125
1.5,125,42,131,131,75,3.84375,2.90625,2.46875,3.46875,2.53125,3.4375
1.21428571428593,93,76,109,148,124,3.90625,3.59375,2.4375,3.46875,3.40625,2.78125
1.92857142857186,84,150,122,118,100,3.75,3.1875,4.03125,3.0625,2.53125,3.1875
1.6428571428578,45,137,150,149,131,4.75,2.40625,3.875,3.59375,3.5,4.125
1.3571428571422,75,92,111,148,86,4.03125,3.5625,3.0625,3.375,2.71875,3.40625
3.07142857142814,103,123,162,125,122,3.34375,3.0625,2.90625,3.0625,3.375,3.8125
1.42857142857186,98,111,154,110,113,3.46875,3.5625,3.375,2.34375,3.0625,3.65625
2.6428571428578,63,69,93,63,115,3.90625,1.84375,2.625,2,3.59375,4.09375
1.3571428571422,58,106,97,147,129,4.375,3.09375,2.8125,4.21875,3.84375,2.8125
2.07142857142814,108,101,122,124,114,3.96875,3.34375,3.40625,3.03125,3.53125,3.8125
3,110,78,111,103,115,3.65625,3.1875,2.5,2.6875,3.65625,3.5625
1.3571428571422,101,88,73,138,151,4.9375,4,2.78125,3.15625,4.09375,2.5
1.8571428571422,41,95,133,138,140,3.78125,3.375,2.9375,3.21875,3.53125,3.59375
1.42857142857186,71,75,112,134,143,4.28125,3.75,2.71875,3.09375,4.09375,3.6875
1.78571428571407,52,128,119,142,136,4.625,3.4375,3.875,3.53125,3.71875,3.25
2,81,98,119,96,152,3.6875,2.40625,3.25,3.8125,4.375,4.53125
2.42857142857186,77,98,124,101,102,3.78125,2.46875,2.6875,3.75,2.84375,4.34375
1.42857142857186,123,83,92,113,116,3.5,3.5,2.53125,2.78125,3.34375,2.625
2,71,130,156,131,112,4.53125,2.8125,4.09375,3.9375,3.84375,4.03125
3.07142857142814,70,116,126,112,133,3.6875,2.34375,4.25,3.40625,4.09375,4.25
1.5,68,112,106,138,131,4.03125,3.25,3.53125,3.4375,3.34375,3.5625
2,105,104,145,106,107,3.9375,3.34375,3.5,2.6875,3.3125,4.1875
2.42857142857186,82,107,133,141,86,3.1875,2.40625,2.78125,3.5625,3.28125,3.96875
2,93,63,104,117,93,4.03125,3,1.71875,3.59375,2.59375,3.09375
2.6428571428578,78,77,88,138,129,4.78125,2.9375,2.15625,3.21875,3.84375,2.53125
3.92857142857186,78,104,101,113,73,2.8125,2.4375,3.65625,3.5,2.9375,3.6875
2.42857142857186,101,103,91,134,115,3.875,3.3125,2.90625,3.3125,3.46875,3
2,71,126,134,119,148,3.625,2.8125,3.5,2.9375,4.25,3.84375
1.71428571428593,68,112,117,135,152,3.875,3.53125,3,2.65625,3.78125,3.28125
1.42857142857186,68,106,161,123,114,4.34375,2.375,3.40625,3.3125,3.5,4.125
2,134,94,123,113,81,3.875,3.34375,2.84375,3.3125,3,3.3125
1.78571428571407,115,59,102,147,83,4.5,2.90625,1.875,3.71875,2.65625,3.5
1.8571428571422,90,117,122,139,134,4.21875,3.46875,3.15625,3.15625,4.15625,3.46875
2.78571428571407,75,98,99,144,137,3.625,3.5,2.96875,3.0625,3.71875,3.0625
1.1428571428578,71,109,126,130,130,4.09375,3.09375,3.4375,3.5625,3.59375,3.9375
1.42857142857186,75,114,109,128,136,3.59375,3.3125,3.40625,3.03125,4.09375,2.9375
2.21428571428593,68,148,132,133,137,3.84375,3.75,4.25,3.40625,4,3.5625
2.07142857142814,73,134,114,137,148,3.875,3.5,3.5625,3.0625,4.03125,3.21875
1.42857142857186,92,114,87,133,129,4,3.53125,3.5,3.1875,4.03125,2.53125
1.8571428571422,43,107,106,123,155,3.84375,3.03125,3.5625,3.3125,3.9375,3.34375
2.6428571428578,64,106,132,126,118,3.03125,2.90625,3.03125,3.46875,3.71875,3.9375
3.5,101,120,151,116,97,3.5625,3.53125,3.28125,2.25,3.1875,3.6875
2,87,61,104,157,134,4.65625,3.15625,2.21875,3.3125,4.0625,3.34375
2,108,93,89,115,104,3.34375,3.34375,3.5,3,3.21875,3.21875
2.92857142857186,114,96,94,131,125,3.40625,3.125,2.46875,3.125,4.09375,2.5625
1.71428571428593,58,98,110,146,132,4.0625,2.96875,2.71875,3.4375,3.53125,3.125
2.57142857142814,88,110,137,89,109,2.75,3.5625,3.78125,2.4375,3.6875,3.96875
2.28571428571407,79,105,114,133,126,3.65625,3.84375,2.59375,3.5625,3.5625,3.5625
1.21428571428593,72,107,104,148,134,4.46875,3,3.46875,3.46875,3.96875,3.5
2.6428571428578,96,89,105,104,120,4.65625,3.5625,2.78125,3.46875,3.625,2.65625
1.21428571428593,67,75,108,130,123,4.65625,3.34375,2.3125,3.71875,3.53125,3.21875
1.92857142857186,68,120,146,137,130,4.28125,3.0625,3.9375,4.03125,4.21875,4.4375
1.8571428571422,105,89,106,114,125,4.03125,3.84375,2.5,3.46875,3.8125,3.03125
1.5,86,84,113,133,117,4.4375,3.6875,2.3125,2.625,3.28125,3.375
1.5,44,96,147,128,136,3.8125,2.75,3.40625,3.65625,3.53125,3.5625
1,101,119,104,147,142,4.34375,4.0625,3.5,3.6875,3.9375,3.125
1.8571428571422,60,87,142,128,136,4.28125,3.03125,3.09375,3.34375,3.8125,4
2.28571428571407,74,98,152,142,73,3.90625,3.71875,3.09375,4,2.25,4.15625
2.28571428571407,108,102,111,135,129,3.84375,3.59375,2.59375,3.53125,3.625,2.71875
2,90,92,119,112,119,3.96875,3.0625,3.1875,3,4,3.5
2.8571428571422,67,127,108,144,106,4.34375,3.75,4.03125,3.28125,3.0625,2.59375
1.21428571428593,55,98,105,130,141,3.90625,2.75,3.46875,3.53125,3.96875,2.6875
2.1428571428578,49,114,133,140,135,3.96875,2.84375,3.5625,3.75,4.03125,3.875
1.71428571428593,75,112,100,132,131,3.875,3.84375,3.6875,3,4.46875,2.875
1.42857142857186,37,75,94,141,145,3.625,3.1875,2.8125,2.6875,3.375,3.34375
2.6428571428578,67,113,113,141,120,4.46875,2.5,3.3125,3.59375,3.34375,3.5
1.6428571428578,90,80,102,131,119,3.75,3.28125,2.71875,2.9375,3.65625,2.96875
1.57142857142814,70,102,112,137,121,4.1875,3.8125,3,3.34375,3.71875,3.6875
1.6428571428578,103,92,104,137,108,3.9375,3.3125,3.15625,3.09375,3.375,3.375
1.57142857142814,81,86,101,122,107,3.6875,3.21875,2.53125,3.03125,3.25,3.25
1.07142857142814,91,63,94,138,100,4.09375,3.40625,2.8125,3.25,3.21875,3.78125
2.07142857142814,96,94,96,98,98,4.09375,3.65625,2.8125,2.6875,3.6875,3.5625
1.42857142857186,88,94,129,128,149,3.65625,3.65625,2.96875,2.84375,2.875,3.90625
2.3571428571422,55,129,129,155,172,4.03125,2.90625,3.21875,3.25,4,3.375
2.42857142857186,63,114,130,129,136,4.125,2.875,3.0625,3.5,3.75,3.59375
2.42857142857186,76,90,142,135,101,4.6875,3.21875,3.28125,3.5625,3.03125,4.28125
2.28571428571407,110,70,84,107,109,3.84375,2.8125,2.0625,2.8125,3.46875,2.5625
1.8571428571422,117,100,140,131,51,4.4375,3.4375,3.15625,3.65625,2.625,4.0625
1.42857142857186,58,89,93,136,144,4.84375,2.59375,2.8125,3.84375,4.09375,2.875
1.78571428571407,94,94,134,136,113,4.03125,3.46875,2.78125,3.40625,3.28125,3.46875
1.6428571428578,87,80,81,138,129,3.8125,3.375,2.375,2.8125,3.4375,2.75
1.6428571428578,132,81,91,120,92,3.9375,3.75,2.4375,3.125,3.28125,2.84375
1.07142857142814,104,96,100,127,90,4.03125,3.625,3.09375,2.90625,2.5625,1.84375
3.71428571428593,80,150,152,139,123,4.375,3.09375,4.3125,2.96875,3.625,4.40625
3.07142857142814,98,120,143,115,116,3.4375,3,3.71875,2.375,3.28125,3.84375
2.21428571428593,92,114,127,147,150,4.5625,4.0625,3.5625,3.1875,4.375,3.75
2.1428571428578,106,114,112,103,125,3.65625,2.34375,4.0625,3.03125,3.1875,3.34375
1.78571428571407,88,114,122,124,113,3.6875,3.8125,3.53125,2.96875,3.15625,3.46875
2,56,121,128,140,122,4.625,3.28125,3.71875,3.65625,3.5,3.28125
2.1428571428578,90,120,135,139,110,3.53125,3.65625,3.25,3.375,2.96875,3.6875
3.8571428571422,105,148,123,108,124,3.15625,3.375,4.75,2.34375,3.59375,3.8125
1.6428571428578,109,88,86,133,92,4.15625,4.0625,2.40625,3.53125,3.375,2.9375
3,98,109,104,125,70,3.5,3.28125,2.65625,3.0625,3.125,2.90625
2.6428571428578,53,145,161,105,136,3.75,3.03125,3,3.3125,3.84375,4.34375
1.71428571428593,62,114,125,141,131,3.875,3.4375,3.53125,3.375,4.28125,3.5625
2.78571428571407,89,121,129,137,103,3.5625,3.09375,3.1875,3.5625,3.34375,4.3125
1.8571428571422,67,128,163,126,145,3.53125,3.25,3.40625,2.6875,3.84375,3.875
3.1428571428578,100,153,151,124,132,3.4375,2.9375,3.96875,2.625,4.625,2.90625
2.42857142857186,93,132,95,149,130,3.90625,4,3.53125,2.875,3.4375,2.53125
1.57142857142814,69,128,134,159,136,4.5,3.34375,3.9375,2.6875,4.125,3.84375
1.5,133,112,97,132,110,3.71875,4.0625,3.09375,3.21875,3.84375,2.84375
2.5,33,158,174,155,124,4.40625,2.71875,4.0625,4.03125,3.21875,4.3125
3.3571428571422,121,98,105,126,102,3.6875,3.40625,2.125,3.0625,3.09375,2.84375
