y,x0,x1,x2,fac,f1,f2,f3
3.085274277287066,0.18032924877479672,0.15069452417083085,0.4971834826283157,3,1.9999217072080777,-1.0558573013780181,2.752638532560457
-2.2504095026071536,0.13241104688495398,0.8504498465918005,0.1960031648632139,2,1.1551616400379696,-2.2789229209672213,8.499197493430215
0.07054828192053218,0.5440711658447981,0.615980216069147,0.9584738833364099,3,0.26017681236356477,3.0413010526885227,6.431927268328731e-4
-0.23045391469639495,0.5498031619936228,0.813293275423348,0.972758995834738,1,0.17095142511266279,3.238385436484739,6.031516211317983e-5
2.173496937549544,0.028620622120797634,0.2217712898273021,0.7558362309355289,2,1.3880476197561484,0.7754379134235059,1.9522975600794543
1.4333456217841356,0.3164789364673197,0.017933641327545047,0.7831870247609913,3,1.2593550668661548,1.0303810850473791,1.4138416719136118
-0.6452950978561647,0.6429693277459592,0.7989320778287947,0.99808758799918,1,0.012015966695869,3.601978239251741,9.580186435655212e-12
6.300834297473485,0.8642499877605587,0.7131724008359015,0.14674879028461874,3,0.8897325141642387,-2.4177600653163815,6.46392399032777
4.723882006239831,0.16016939817927778,0.489918549079448,0.37704513501375914,3,1.8526383608878974,-1.6331931484693936,4.973783913503624
-0.284959151279782,0.38125241245143116,0.8180536178406328,0.7633407260291278,3,1.3537177475278457,0.8440065824427565,1.8041158141346052
-1.3972671641413488,0.29017295711673796,0.8190236568916589,0.9465123084373772,3,0.3344937336335656,2.8805500438147487,0.0025582461298737902
3.2195324602627666,0.27368417382240295,0.30828560213558376,0.6053463160060346,3,1.8914647640844187,-0.4030618120440268,3.225841842788974
1.7670157741476933,0.5941140775103122,0.9388512868899852,0.18888825038447976,1,1.1183824809718867,-2.29983318717348,8.307192503570537
-3.2903766864551276,0.9221890240442008,0.9149654188659042,0.20925594307482243,2,1.2221167494899003,-2.2391716121087244,8.759401574711937
2.7615937584259305,0.6780149505939335,0.7284725345671177,0.512980209896341,3,1.9983373417441082,-0.9690964719610795,2.740863020074632
-0.41362802008967103,0.5399923254735768,0.8008432586211711,0.1378463285509497,1,0.8392951408189971,-2.44142710491913,5.943393424216886
-0.413851448732252,8.161412551999092e-5,0.6141834973823279,0.8190335489343852,1,1.0767757319843183,1.386344698037778,0.7817214226094494
2.5832837400101893,0.43528191302902997,0.9647765262052417,0.7282083376776427,3,1.5076429517560686,0.5316874891818548,2.4703290369161333
0.11415335948284278,0.4285594574175775,0.5534302138257772,0.7147491569630802,1,1.5618457706652507,0.41773332251010054,2.6926964832747435
2.6012556504497484,0.24581344635225832,0.9181247232481837,0.6762868373189121,3,1.7010417756443366,0.10849607532941308,3.153900010808445
1.2996685435617308,0.9247575011104345,0.5674558065366,0.7070511130150408,2,1.5915982365217893,0.35392245002038436,2.8073266467148073
3.6686599994045475,0.6402749945409596,0.953084604581818,0.6390664130449295,3,1.8121438965357608,-0.1689395606391595,3.308628759709477
-2.0811048073130514,0.23087124968878925,0.48944090376608074,0.6639309630263597,2,1.7405811997772132,0.014097873307948205,3.2376381688994242
-1.8359145606935958,0.9480670799966902,0.10102202510461211,0.5688372128643095,2,1.953414253348565,-0.6393647181831734,3.0013340159834137
2.8770560219711343,0.5856717529240996,0.7733305196743459,0.550447111716494,3,1.9749352634884267,-0.7520163789212924,2.8828080507948517
2.311088602732382,0.02893210924230516,0.2984162282664329,0.5965418762061745,3,1.9087149827428642,-0.46163660263907014,3.1793870263459114
-0.06266112887176682,0.9183479256462306,0.5914763836190104,0.011973646702244878,1,0.07521490007946903,-2.734633667542142,0.015218246139752164
1.1932635213025753,0.9543939230497926,0.8654997132252902,0.5599776103626937,1,1.9646008570709734,-0.6941530355822634,2.942468842073428
1.3441411264885994,0.9611172981094569,0.9705099333077669,0.6738052805885673,1,1.7091905184393867,0.08934945143931916,3.1733499710207638
7.172628670276596,0.8047772070858628,0.8816663739271462,0.3561343492474407,3,1.7991793303339716,-1.7202589900161884,5.697432613228414
0.2850409894738973,0.5289349418599159,0.5325736769009382,0.9384584471117705,1,0.38427249635494537,2.774460828814317,0.005402648873022677
2.238020501608257,0.6456255195662379,0.1712353928014636,0.41409481735900044,3,1.9276062792699935,-1.4696992485433928,3.8818072410327704
4.989191124807324,0.7000527288764715,0.2770547342952341,0.11033578193746507,3,0.6794605147338408,-2.511956168242974,4.172637662384866
-0.795487460286508,0.9617019821889699,0.2889704240951687,0.4622076381929219,2,1.9859201642806268,-1.2384759045339613,2.9935220172370722
0.36481428803664906,0.7457930839154869,0.9181540659628808,0.19717462011612952,1,1.1611624023023295,-2.2754514723489265,8.52730385444689
0.941182691407335,0.6002060302998871,0.14155555167235434,0.6653507328592241,2,1.7361701225435175,0.02482659034172663,3.22968415759369
1.8444569191405704,0.7354764360934496,0.2828631408046931,0.9579995523672551,1,0.2631315062959866,3.0348530482086344,6.848129634020971e-4
-0.832603508544772,0.7568722341675311,0.46355669968761504,0.6627900688908994,2,1.7441007498583179,0.005498574089183972,3.2437169059922595
0.513748444678355,0.36383628635667264,0.23618094623088837,0.8061279975809157,2,1.1442047264951498,1.255240286277501,0.9925139336455057
0.05204144611837047,0.614490961888805,0.0832333720754832,0.1761190895922482,1,1.0509859532096726,-2.336622766933658,7.871928628125067
1.051118679350925,0.6804642842616886,0.9148723087273538,0.7150991102680564,1,1.560471382800634,0.4206575780161783,2.6872532875742503
0.08796236055751505,0.19289131509140134,0.6171638993546367,0.4403712044004351,2,1.9650102035536499,-1.346179755849486,3.3151624380551974
-1.7171358269410502,0.11751601239666343,0.5038085191044956,0.23714183480478823,2,1.3559480991804993,-2.1520072594910586,8.90674363243077
1.490511746964926,0.6387845173012465,0.9341575391590595,0.773962362902239,1,1.3038467795658417,0.9428327286758806,1.593943249407506
4.416850260460355,0.88268105941824615,0.021385337691754103,0.915787962032482,2,0.5229690494443224,2.4848485356392,0.027103258280937455
3.5712349074097713,0.9844946772791445,0.6849911317694932,0.49419457162730396,3,1.9996673739571973,-1.0719672310404609,2.7610699268666634
2.156520736051594,0.6331693944521248,0.44621179648675025,0.09293924807570875,1,0.5756927224204765,-2.5545940726721303,3.026643651300437
3.909306973539453,0.48155228863470256,0.8272614136803895,0.4284634725190699,3,1.9497047745216602,-1.402960281959981,3.5481694875063483
2.457581305015255,0.896518288878724,0.9318565486464649,0.7728867137338966,3,1.3089641956667823,0.9327288355571302,1.6151504990277694
-2.740267322450681,0.4051255746744573,0.7720804193522781,0.5302045822609216,2,1.9910025484812646,-0.8713177684816253,2.782105840635963
-2.8706595293618236,0.05928420997224748,0.11642999527975917,0.35605488740839064,2,1.7989612235239898,-1.7205829478331447,5.700271060060593
1.2479742316227602,0.18660635454580188,0.8353409813717008,0.07089602062478662,1,0.4417790252845468,-2.6065330149416734,1.7080822761737018
1.166246636395636,0.47889965143986046,0.42427845508791506,0.15318977762944996,1,0.9257926318475947,-2.4003721662968314,6.816405217224065
0.40448047723520864,0.5729715554043651,0.6493315568659455,0.9544405019842088,1,0.28528238534225697,2.986666345335453,0.0010708809143520274
0.6233123851441259,0.5167370012495667,0.8568671275861561,0.912308142753318,1,0.5440410164210396,2.4415453733381502,0.03313945358605727
-0.02224653303193569,0.8232083150651306,0.1097622241359204,0.39053673506714404,1,1.8829012239365552,-1.5750547318293062,4.5421012529418
0.2181104144390531,0.9295128001831472,0.7401594731491059,0.878494780510664,3,0.7450342697940117,2.0360957182120085,0.15479038623512917
-0.342144841054458,0.4527462257537991,0.505061297910288,0.037044692086055875,3,0.2322336010527455,-2.6819669407172277,0.348529290161754
1.2627351007343497,0.8532440159469843,0.9759460606146604,0.7723243404179811,1,1.3116337480099594,0.9274549420219111,1.6262497135157554
1.4451920035219048,0.5040886355563998,0.08613743842579424,0.905382493045181,3,0.5857831932898343,2.356253627906435,0.048085692227056755
1.0059394556722352,0.8392429035156965,0.8851167948450893,0.4173410888761282,1,1.9329440663865325,-1.454788356501012,3.801566234041066
1.1848283811005365,0.6032970522064716,0.2025439941789955,0.16541542578488588,1,0.9931837918515299,-2.3667457032475743,7.420643876942027
2.284426661133333,0.15148287755437195,0.373720116680488,0.8725909476634115,2,0.7793291348686099,1.9680730848706078,0.19105854598453206
3.3180035562351122,0.9270587239880115,0.6825456428341568,0.5114378735888749,1,1.9987089484007499,-0.9776887509679004,2.7397365914080005
-0.29832740070160396,0.3084172634407878,0.7220155815593898,0.9173638068605214,3,0.5134058448699448,2.504557841256145,0.024661043295781022
-0.9958704967230172,0.40580980060622096,0.9437302085570991,0.07009515864774585,1,0.43686996335209255,-2.608377263311132,1.6651339040962403
1.491101705640905,0.7320435959845781,0.2618538751266897,0.8181690685451031,3,1.0813490254594966,1.377456509506386,0.7951121702988974
4.898297448769541,0.6945320612285286,0.4929034113883972,0.1207977996673435,3,0.740907500101519,-2.4855908262588047,4.8648045112468195
2.754832416235159,0.15486812824383378,0.1461879787966609,0.6986201836261898,3,1.6231146585313456,0.2851545313591659,2.9208753746297806
1.8756040908901161,0.5750365871936083,0.5361352381296456,0.8222273050341755,2,1.0598114448558036,1.4193150067155775,0.7332211522034908
5.561271000413722,0.026732899248600006,0.16869670222513378,0.3284306840505451,3,1.716443850293384,-1.830140746669372,6.698575500672498
-1.8031275688785073,0.9513032189570367,0.3104559301864356,0.1693245570641011,2,1.0144276105553856,-2.3558190519249136,7.594267458915056
4.5179336211654215,0.4934930468443781,0.6682386205065995,0.3637573830783367,3,1.819579735632866,-1.6889400499343599,5.42769067968752
5.336924712726729,0.27136853011325,0.0436951769515872,0.6359078472014517,3,1.820451793980776,-0.19154614440984474,3.3088357620338393
2.952142073552893,0.13392470846883953,0.8565108422189951,0.40102301840670407,3,1.9040895093586137,-1.5287708713055355,4.23205250913596
-3.1012399136713764,0.7617232913617045,0.6751536035444587,0.005016449373215437,2,0.031517976291164686,-2.748786602984894,0.0012004617037428445
2.236238559123092,0.4019470305647701,0.1614084339234978,0.9244337035343051,2,0.4703498207946369,2.593750513508578,0.0156903860566776
-3.7020569081558117,0.48888646462000906,0.7296566122677177,0.01802422432228923,2,0.11318903124893664,-2.7221639277217435,0.048817720287344046
-0.182041475735092,0.1639199941419065,0.1983743857126683,0.9517590757459402,3,0.3019476851031718,2.950587857313348,0.0014632589359990958
1.957341382556729,0.5420629251748323,0.2547211921773851,0.2244781197514385,1,1.2964009273871946,-2.1921939028254913,8.904661087475432
0.302648761557077,0.779878897825256,0.46150557324290276,0.7609044485725462,3,1.3649460946480867,0.8216333651661776,1.8523429822199424
-2.287026058767646,0.0913932763505727,0.21507788845337927,0.4612964012194425,2,1.9852338487154464,-1.2430650740178955,3.00421466147532
1.0708875587746531,0.7075669700279832,0.512526156147942,0.7863513866905123,1,1.24384741828515,1.0607870466367588,1.3530786904925085
0.3538792434858473,0.22088193870149553,0.13749526184983552,0.31374143180437386,1,1.667260095480162,-1.8859796793936145,7.215301390394108
0.9969075841317583,0.1554452213458717,0.02920680516399443,0.8440959618892521,3,0.9408758472990314,1.65082072411841,0.4451783195379731
3.186865541435897,0.16715709120035172,0.836756035219878,0.5036711732391268,1,1.999866983753326,-1.0205561535162162,2.7413543919934815
2.5812683630835216,0.07271114899776876,0.7973162708804011,0.6684550966601819,3,1.7264049801984862,0.048391610495753135,3.2107848265656367
7.257048120858665,0.8790633401367813,0.6394251075107604,0.14811369637027383,3,0.8974049132524007,-2.4140940856521986,6.540423038936801
2.3288236318226505,0.12633636058308184,0.7920213935431093,0.6962219460401684,1,1.6318726632502636,0.26580391257926816,2.950733285457255
2.1130615175457086,0.13571521127596498,0.31890109018422663,0.0655357267241925,3,0.40887014754268003,-2.618820761148811,1.4290959301602286
0.06758702978968867,0.8485426185652614,0.9833089886233211,0.11767185456119478,1,0.7226286058256449,-2.493526395860137,4.659289028040833
-2.1866013254822505,0.8690724978223443,0.9665029307361692,0.07078945357352495,1,0.441125959424964,-2.6067785910795336,1.7023426925324365
0.17732855253142976,0.15156962093897164,0.24552624905481935,0.9585780031047761,3,0.25952815382052,3.0427172646087755,6.343344865929909e-4
0.22688150649574892,0.5737796986941248,0.8699820248875767,0.8542280604597181,3,0.8842313966016915,1.7615620155846718,0.3391722700826038
-0.8724952396082403,0.2534788860939443,0.01794565049931407,0.10660210996866226,1,0.6573502204074525,-2.5212326243356715,3.9241613328034197
1.3356126900155132,0.17113264254294336,0.941408523125574,0.6412582453340292,1,1.8062738543886003,-0.15316796630045992,3.3073765267529334
-4.408555007047136,0.013434570981189609,0.4259374912362546,0.10597180342301726,2,0.6536086252896989,-2.5227918232339492,3.882248700266221
0.6811134344293278,0.09892165311612189,0.11749193328432739,0.06181992357596755,3,0.3859888158754094,-2.627261754332702,1.2480944513158703
-1.2143710474022822,0.9053652621805668,0.0078031213488429785,0.003201352199539542,2,0.020114350004233575,-2.7524467544729205,3.177421061532962e-4
0.4285576683246944,0.24625163595192134,8.84209992364049e-4,0.7697988201398402,2,1.3235716445730121,0.9038438052837101,1.6761741483707446
1.4275732888536108,0.3468196594621986,0.6054510304238647,0.5884556686505675,1,1.923271896795508,-0.5145319541883318,3.130950504433957
-1.2804565923305427,0.5415438725613058,0.7971083344891667,0.1433270659763366,2,0.8704267449541837,-2.4269065497990097,6.268129531758236
3.933523743378223,0.8789505218155682,0.5208180579356849,0.6515189278870821,3,1.7776600245486764,-0.07840958997769176,3.2889423317987316
2.670001865222539,0.34057604847475886,0.6885695732198656,0.8097347191069275,3,1.1255449504952322,1.2915400510260682,0.9313471584127233
0.7053237083723588,0.5929056664463133,0.4487213301472366,0.8991180488374084,1,0.6233018538022232,2.2801158829424297,0.06544854181439239
1.9019928644971298,0.2705489741638303,0.7104042314458638,0.45896365493535995,1,1.9834027742233276,-1.2547752051970043,3.0326611088283055
-1.7815245780655489,0.12591837695799768,0.6941632877569646,0.028373192995786667,2,0.1780380464858487,-2.700482645504591,0.17128507434382453
-5.092558430826802,0.20509591745212674,0.7692678791936487,0.10317229153588414,2,0.6369595323590249,-2.529693315493293,3.6964052661400113
2.6998365098112727,0.17630564514547586,0.5252420713659376,0.979298461927101,2,0.12997992624051188,3.3305031533813363,1.2505799997682158e-5
3.819566584853748,0.274081566138193,0.11629582359455526,0.9780007768422365,2,0.1381151820381351,3.3121274619524685,1.7750282530462436e-5
-1.687129156363133,0.2524964716285467,0.40880779665894806,0.30437834886834025,2,1.6340503744290333,-1.920725391861384,7.528293951666816
0.47224415810096176,0.7980370500590652,0.19694944866932929,0.7802960088010877,1,1.2734143677238272,1.002769385192532,1.469869961240279
3.413768532219329,0.7426565040368587,0.32566690095700324,0.6403010236099362,3,1.808847982363113,-0.16006427553167324,3.308036525903807
-2.157938715918736,0.9551952299661934,0.45423208572901785,0.016711373580619693,3,0.10495242831125293,-2.724882437833641,0.03943179990506614
7.601608913363218,0.5878260193858296,0.25437425379641354,0.24684207374230027,3,1.400113899695908,-2.120528995065089,8.840767686686984
-2.6145711293850065,0.6517572114244103,0.6056254259310663,0.06911809672601521,2,0.43087710264196,-2.610623273393979,1.6133225095261692
3.5280383296632936,0.1810249025002122,0.7168994485400617,0.09597165184095502,3,0.5939130834419296,-2.5472681783447455,3.222919768667382
1.4220720535131006,0.1367585409898311,0.21908773086033762,0.38846108806319535,1,1.8784642108277885,-1.5841015999694328,4.6062620729085095
-2.8643162360421486,0.8246245018672198,0.4785400836262852,0.2805048958398402,2,1.543046680747033,-2.006428792316546,8.228871769008578
-4.054794968963673,0.6834032526239753,0.7062154314480722,0.2596322854515165,2,1.4563546919806605,-2.078078907620755,8.672559526477713
1.206496208546713,7.133162580430508e-5,0.904488462721929,0.7920166151598096,3,1.2157777042095772,1.1157065070108763,1.2460670245182313
1.5708089806515977,0.6195599669590592,0.6768289064057171,0.8493361992295831,1,0.9116952175305238,1.7078149925883244,0.3881510861629961
3.012293901160937,0.7140510114841163,0.4942869641818106,0.7207169621251523,3,1.5381511075779115,0.4678823163245829,2.5972902851575617
0.6225245694745825,0.8206526241265237,0.9626506511121988,0.07029033568687737,3,0.4380666005467678,-2.60792807611403,1.6755612719346813
-0.43546227521327485,0.18097544740885496,0.4340274997521192,0.342918990412727,2,1.7613751756652853,-1.7734351049939292,6.174239374842608
-0.40691057197002534,0.27723399293608963,0.4868542600888759,0.969904052792117,1,0.18881679667648152,3.198545753299773,1.0619269225825859e-4
1.6810749719349767,0.30546327703632414,0.22911185142584145,0.5793483327142894,1,1.9381805341592433,-0.5730915660402478,3.071980837809338
3.3991078749862536,0.5184265440329909,0.10415175603702664,0.5006101850885898,3,1.9999963252923532,-1.0372688364675264,2.7455064761913186
4.348746051841152,0.6703327680006623,0.8627657988108695,0.5209398306906223,1,1.9956739707577866,-0.9243300145630395,2.753718125938814
0.29509169209253727,0.15663238056004047,0.610185396624729,0.3635566937737167,1,1.8190559850678794,-1.6897707088234348,5.434718873021778
1.7343748916582364,0.7668060376308858,0.6319281538017094,0.911238316912204,2,0.5505063718985937,2.428292827126441,0.03518339211242241
2.0875133420360887,0.1660297519993037,0.7118576942011714,0.759338978677988,1,1.3721188971469058,0.8073145123560455,1.8832833657512416
-1.3981912341163816,0.2248796857893467,0.33668280369602144,0.5016630201134831,2,1.9999727043298587,-1.031532004592167,2.743845781498605
0.6558370400130109,0.6951200845651329,0.883194200694561,0.1651372539345175,1,0.991666345507228,-2.367519987426681,7.407913178746551
1.7148865450276134,0.20208695554174483,0.5065542138181627,0.5523939880076796,1,1.9729677686442335,-0.7402856113372636,2.8945452447963858
7.260145558564448,0.17894719261676073,0.01241548196412623,0.15144613152369857,3,0.9160675647366747,-2.4051013943188653,6.723158754041917
4.391029995858412,0.5154375883284956,0.7194314133375883,0.9852865948341787,2,0.09241413405771354,3.41591782419992,1.7238420814469196e-6
4.960423702069009,0.7012452788185328,0.32126805395819247,0.4132000266108662,3,1.9260997198947727,-1.4737922426963461,3.904409779182212
1.817625550751774,0.9079653546214104,0.37934733484871686,0.05913968966342509,1,0.3694515236580458,-2.6333114747719604,1.1243165662996204
-2.325727792173387,0.3621182527858764,0.058495372999459505,0.4197119474411011,2,1.936715428378984,-1.443837109764988,3.7447303490631993
4.994305958975602,0.9208264655899256,0.5250230708625168,0.34923473512753844,3,1.7798249775430162,-1.7481970435207783,5.945418573970717
2.5445205581047814,0.7112378077581525,0.7093955010641366,0.5229831510223448,3,1.9947888904817175,-0.9127225666163086,2.7588101556638938
-0.49809467789501954,0.6517071477137506,0.467553865397349,0.01715819025412202,3,0.10775588779643681,-2.7239580190835087,0.042486471710207405
7.964332012080121,0.008584310067817569,0.9743905866052955,0.2995971704367548,3,1.6165449779557526,-1.9382186150528797,7.681189626198466
8.055596314915269,0.34171711443923414,0.9159802754875273,0.1877141206059605,3,1.1122588400568474,-2.3032553646601936,8.272001841860128
-0.05273508462931814,0.7276864848099649,0.664858486270532,0.040075644850730896,1,0.25113800285215615,-2.6754190297499023,0.427574370409029
9.52975126355838,0.2517195316031575,0.8428421241696924,0.2979129049926996,3,1.6102912796851436,-1.9443412176022234,7.733751715595911
-0.8213205473170152,0.9170302972197533,0.10017495974898338,0.9488198321778327,3,0.32019068244296495,2.9112620968436946,0.002016794958738349
3.773704472288498,0.02295175427570939,0.7609184547327459,0.4610151103697717,1,1.9850187025782993,-1.2444800217791894,3.0075628980281204
6.995944097633081,0.8603339011315256,0.3853456652723253,0.15739202708937228,3,0.9491156780236462,-2.3889065588681646,7.034128813156639
-2.9336175500009314,0.35916993231512606,0.17122101434506476,0.2527529154904187,2,1.4263914018659394,-2.10104611291007,8.773938295045662
-2.3638344819379813,0.6848141103982925,0.37800424080342054,0.2874075388535857,2,1.570274132555047,-1.9820680737539234,8.04400249191282
-0.28819629679275627,0.8833006732165813,0.8513370889704674,0.20731855486519635,2,1.2124582259066095,-2.2450487100131395,8.729241666337046
1.404277529749395,0.06641364167444408,0.8457229267805815,0.3651411095634103,1,1.823171229994002,-1.6832036822432905,5.379354268114244
0.8079101164254419,0.16812508692964911,0.27482712967321277,0.16062614507973194,1,0.9669530349482449,-2.380016591838567,7.194669347746509
0.6811550535518285,0.6677288573700935,0.3148975658696145,0.8628902859054506,3,0.8350918624272419,1.858033715675064,0.2624071673459099
5.689511839434916,0.9441763791255653,0.5155314507428557,0.3531541160773486,3,1.790922552795789,-1.73237392113495,5.804196193662351
0.8844653593213743,0.42351237521506846,0.7091617055702955,0.564185593277216,2,1.959476886479067,-0.6682516425943876,2.970176119598074
4.4546311785641315,0.9284199001267552,0.6608894921373576,0.37385483435355127,3,1.8449935956685468,-1.6467130665229281,5.080488455833149
1.7072377387709965,0.3132739677093923,0.16806545038707554,0.3563488337676972,1,1.7997674875147984,-1.7193843014135037,5.68977343277509
-1.0317101105401716,0.24328166712075472,0.346296917879954,0.9874985015485436,1,0.07852903930678089,3.447728056313398,6.648188473039809e-7
3.632922561662369,0.2452791454270482,0.9533273202832788,0.0950951671693474,3,0.5886521434352381,-2.549390218715032,3.1659532814277855
-0.9439342715587307,0.796062393579632,0.7947526737116277,0.4696540755685419,2,1.990918208348034,-1.2006590893715945,2.914888421748426
0.17765708249102596,0.6315503313671798,0.19558905623853207,0.23943021288141608,1,1.3664822552152442,-2.1446361856187792,8.896266872480414
1.611855546563845,0.05537272756919265,0.371710047358647,0.2951632172334939,1,1.5999848521153983,-1.9542926044788342,7.817989388220881
-2.637504971160886,0.9698596589732915,0.9390109544619918,0.26634038425982,2,1.4849170905029654,-2.055377136967362,8.550976267368004
2.5683360896983,0.7199553397949785,0.5640943245962262,0.25829556700773537,1,1.4505853902140107,-2.0825663953470266,8.694164611072347
-3.2216985367288666,0.2966859864536673,0.5181188508868217,0.1603828410152346,2,0.9656145723889824,-2.3806873898945407,7.182810581284959
1.0601654350611194,0.06001885863952339,0.8362187081947923,0.7721037762239575,2,1.3126796356988335,0.9253881269532869,1.6306048449854704
2.7666826058827634,0.5890980930998921,0.5919133073184639,0.5197889928240329,3,1.9961362657772492,-0.9308467039323927,2.751160462799371
-0.6475364464218661,0.6146079557947814,0.27060939045622945,0.4777603819966316,2,1.9951204730937426,-1.1588457705759536,2.8466641532605834
-2.196672581236597,0.3104798663407564,0.6130388821475208,0.0011023608967661858,2,0.006926323944562083,-2.756662846020271,1.3248944017910547e-5
1.266439397393536,0.48935046745464206,0.6601895147468895,0.652078072540462,1,1.776047399947425,-0.07429146826063748,3.2873256814777383
-1.8964930543390632,0.2146558971144259,0.05561900115571916,0.29031734610907733,2,1.5815313417649783,-1.9716976247417928,7.961326238560923
0.5890244187632769,0.7394130739849061,0.5263381476979703,0.03655572421848774,3,0.229181834736429,-2.68301956791741,0.33661400762682775
0.6989902348582068,1.328613143414259e-4,0.4985310959164053,0.7106573961209506,1,1.5777750181581287,0.383693471553606,2.754866800502761
0.47862173089626625,0.5800207816064358,0.01998391468077898,0.030002071289345622,3,0.18822958316992613,-2.697029054704078,0.19914150500015657
2.6170080610828768,0.29568855999968946,0.8271032201591879,0.5807896498590708,1,1.9359264837571892,-0.5638948829188886,3.081527704660113
1.8534876338983324,0.2178665443789214,0.03433013381436467,0.6031248744111508,1,1.8959541819554886,-0.41793820432311124,3.2148502594466004
2.26872242726159,0.4509366366546601,0.5745553229935467,0.9104311966802925,2,0.5553799881289446,2.418313315367504,0.03678680126619144
1.2085067926453745,0.3013760154135525,0.2880310155451298,0.1280762772075832,1,0.7831883450357751,-2.466920194446198,5.33570871830182
0.3906253688552804,0.06282391003333032,0.8191826832480729,0.995713233249262,1,0.026933735695624204,3.5671065725290276,1.183821399800828e-9
-3.542876821730422,0.4258197925519198,0.9924445364158601,0.08259323542006314,2,0.5131449735157045,-2.57925693835709,2.3793199432795937
-0.5343404651756292,0.13402193551883101,0.8616781355813146,0.20951978233642876,1,1.2234285812150831,-2.2383694882945306,8.763301766783213
4.11399726409665,0.27980562835000455,0.047937121242284775,0.7201666741166264,3,1.5403587356439996,0.46323301302036946,2.6063109834483056
-0.17147539000079215,0.9862008881755173,0.26215672749094665,0.08026847220025957,1,0.4990134619812111,-2.584728849719738,2.23998831190582
3.1425889323270013,0.6077486334834248,0.04964959039352834,0.40914011583663523,3,1.9190730289912767,-1.4922715404792988,4.009550239783213
-2.694714891106551,0.7090059432666749,0.3761780003551394,0.3831168129108846,2,1.8666728837123872,-1.6072229345158289,4.775358855705107
1.1088218733583617,0.7137647208292037,0.00841831648722291,0.7954010749235749,3,1.1988242701527083,1.1488140478466988,1.1834105430472766
2.0971637965771137,0.5558758662082255,0.07003312185406685,0.31816339143551886,1,1.6824444681729547,-1.8693425282395626,7.062414987150884
2.0768017535602668,0.32711728173308074,0.7967071037273854,0.18080449104309082,1,1.0759180430792201,-2.3232325277742456,8.044986028534321
4.529064935043863,0.42691176710650325,0.6348547167144716,0.6206853962503374,3,1.857963344215007,-0.298516358057193,3.285158198049652
-1.79278879675969,0.8338493970222771,0.02548713330179453,0.5090363495983183,2,1.999194145514673,-0.9910148693395615,2.738915697072378
1.6447034089346748,0.34117123018950224,0.7421222049742937,0.7782339395489544,2,1.283378302562966,0.9831721634656105,1.5100888283012388
-1.140416760107942,0.2031542188487947,0.6427109313663095,0.5804393247235566,2,1.9364780041455716,-0.5661326590598246,3.079212926985868
1.9830513737261999,0.8677127796690911,0.683875760762021,0.8445568557363003,2,0.9383194402866881,1.6558096094500723,0.4399731919190001
-0.8425367135093373,0.3515202086418867,0.32847478333860636,0.9472510311752558,1,0.3299166808497866,2.8903666749030457,0.0023737230871260307
7.86897130953874,0.3659957512281835,0.8784813238307834,0.1705344715155661,3,1.020971924713609,-2.3524197975401884,7.64597871272964
-1.0492172859651394,0.4498918179888278,0.5586082842200994,0.702727026771754,2,1.607903376684899,0.3185076688043642,2.8672002230292715
-2.7909927176599316,0.6777251248713583,0.3883788890670985,0.38275242829695344,2,1.8658497250677113,-1.6087904174503356,4.7870842693952245
-0.3172424210919827,0.42633708543144166,0.17097218404524028,0.0766064003109932,1,0.47669917235690334,-2.593297012789706,2.0261135498371563
2.6911868882447982,0.4942378180567175,0.5288763334974647,0.6626371978782117,3,1.7445706411631852,0.0043478243423260565,3.2445102551214817
6.968636273851475,0.8237149014603347,0.018244618782773614,0.22579524666070938,3,1.3026915459477892,-2.1880614397454643,8.909760600415453
3.2739558465407113,0.18904577498324215,0.718289592070505,0.6628258060663939,1,1.7439908437565639,0.005767639505423361,3.243530721575971
-0.07456391655368283,0.4587780530564487,0.6865810393355787,0.8549443138763309,3,0.8801925337324054,1.7694757390475253,0.3323443745557336
-4.9630977845034625,0.516685698647052,0.8300480097532272,0.049377705436199903,2,0.3090064810771626,-2.655073710032089,0.7255588907669509
4.093094528529873,0.10148336598649621,0.7168265525251627,0.412442612927407,3,1.9248125673615513,-1.4772511205558012,3.9237042967454707
0.6723369916236804,0.3348202097695321,0.8768096836283803,0.8853210392408073,3,0.70506239828628825,2.1157541204267343,0.11913821127859883
3.8142419685842035,0.5700503601692617,0.11777015193365514,0.4170918825548142,3,1.932541418157656,-1.4559364537849113,3.8076275056309292
-0.594810874481268,0.40450050262734294,0.4677134114317596,0.6403364182915539,2,1.808753091296414,-0.15980950934876903,3.3080152554276263
0.9650993921805797,0.48901130189187825,0.13568190042860806,0.39454429340548813,1,1.891241309696431,-1.557480863433502,4.420758539771543
4.144431544688538,0.9942554137669504,0.7216320293955505,0.4377487401943654,3,1.961874864765637,-1.358801015725002,3.363011373216226
-2.397788012385429,0.16188414953649044,0.08764835842885077,0.2800837056711316,2,1.5413616779178012,-2.00790439273673,8.239605650713617
1.7586178492965987,0.7063221575226635,0.3546845836099237,0.7888145111501217,2,1.2316911774017987,1.084588454649789,1.306249959515102
3.4418634096059297,0.6482407632283866,0.08175692590884864,0.13647056790068746,3,0.831441134162962,-2.445047094583962,5.8599015556432565
-1.4241456849265481,0.1515247814822942,0.010616257321089506,0.29417545651085675,2,1.5962533217099946,-1.9578540667924829,7.847751769724831
1.263386792126346,0.5046022576279938,0.07005375460721552,0.003903397358953953,1,0.024525154247766887,-2.751032652806323,5.71930003769957e-4
1.3782676123946607,0.9786600314546376,0.7134050771128386,0.8791013499721885,3,0.7414960399707571,2.043130082650446,0.1513561689744796
-0.41224778536347717,0.9083983583841473,0.5218323995359242,0.1724564649630338,1,1.0313374415222787,-2.347003017046906,7.726119683577652
4.424453831871032,0.7451811220962554,0.1218099039979279,0.51029311446473,3,1.998954424240946,-0.9840490324208093,2.7392018546174937
3.5068685213474518,0.3629775298759341,0.903876718133688,0.5071761426515877,3,1.9994917662782283,-1.0012933041511944,2.739080910118962
1.6804639296973283,0.22882032860070467,0.8029314819723368,0.26915952609851956,1,1.4967246227322188,-2.045745232775767,8.493624413444552
-1.1011001639659415,0.0914439121261239,0.2687182498630136,0.1831963227596134,2,1.0885559888331249,-2.316348468912498,8.12740410085154
-1.541123105992691,0.9240592597052455,0.6731243513058871,0.35462277429178357,2,1.7950111559484558,-1.7264127102140967,5.751506759606347
1.6555731851386142,0.8678815835155547,0.9011012730188668,0.8450622749514878,2,0.9355138063251058,1.6612857429642842,0.4343071868216457
-1.9535602493499458,0.016423009801656008,0.2905135659966618,0.26370519981719553,2,1.4737746940265373,-2.0643315554775095,8.601297928072938
8.153839202728038,0.2847039783373475,0.9491874813102186,0.3543867892585695,3,1.7943567707895727,-1.7273717428810111,5.759963325977792
0.40595906028063355,0.6484330222010612,0.08616634388454258,0.5692443421576172,2,1.9528637535447835,-0.63682359979813,3.0040763534671813
1.9073364861734616,0.846728875534609,0.5999472795519978,0.7805249001830816,2,1.272305059879347,1.0049496806441613,1.4654180068872629
-0.46143352314612707,0.8550303373485804,0.5385801831725985,0.7716856114566326,2,1.3146607898766787,0.9214721812725566,1.6388645820106238
-0.30800339009655064,0.4416715840343386,0.3936364660039544,0.04906270885840058,1,0.30705091368176407,-2.6557688751423205,0.714123550397658
-1.7265015086928197,0.86515390034765,0.8993779288139194,0.28582953638397157,2,1.564114357156513,-1.9876668299110054,8.087702061365025
1.3191659984109783,0.37125275121070445,0.17756784474477172,0.8731859645340592,3,0.7758846848253382,1.974892397177169,0.18716505209788922
3.041754943934502,0.9258460365235806,0.33787060994654894,0.4956086534075439,3,1.9998096783085908,-1.0643574747933005,2.756820204280949
1.6324133308032418,0.9560087290592492,0.9660190683789551,0.6100708662997931,1,1.8816106627639828,-0.37120215743315166,3.2473613003900623
-0.839971944017434,0.6598845501430333,0.12806166126392782,0.7056921375915408,1,1.5967544133265317,0.34275925967076226,2.826506220682486
2.5174295326855263,0.8768618272151798,0.3964852939825505,0.44096878077834845,3,1.9657059963198977,-1.3432944986371185,3.3045351893043082
1.2892441453738566,0.6694697015918791,0.8301633852533996,0.5036161565221846,3,1.999870940637644,-1.0208574430155348,2.741410954870647
0.27578271840431157,0.02149069309234619,0.13696584082208574,0.7491183886304498,1,1.4181250292379612,0.7149238168504057,2.0833611553256657
4.065277527195387,0.07346827303990722,0.9391507355030626,0.5779185881838202,1,1.9403772252178677,-0.582188252486648,3.0624556156157663
3.112639687273491,0.5642296872101724,0.012017924804240465,0.09598199441097677,3,0.5939751360360173,-2.5472431159321784,3.223593034503541
1.2921594249937447,0.22402488789521158,0.19770961883477867,0.7711271294392645,1,1.317303190925026,0.9162473259167907,1.6499014678724309
1.8578584142651688,0.6903750423807651,0.6335528811905533,0.7975552645511925,3,1.1879627985794852,1.1700038260127492,1.1440902896104264
-0.011136074816862518,0.9791512677911669,0.9591667784843594,0.4885656121186912,2,1.9987097350957075,-1.1020465319648802,2.7827460453603234
1.3596971325203773,0.09031023434363306,0.848902998957783,0.5749791162088513,2,1.944770468547016,-0.6008089976377544,3.0427431723461504
9.747844652855711,0.6537327531259507,0.4868646061513573,0.19380474858917296,3,1.1438581179687624,-2.2854157161272437,8.443772441925756
3.8105413921046396,0.6934211782645434,0.40057106828317046,0.9768440972547978,2,0.14536453619191228,3.2957886112000976,2.3827480697795954e-5
5.947034144071672,0.20300896372646093,0.8426509916316718,0.12533173570409417,3,0.7672921434154503,-2.4739923864880464,5.159620487804876
1.1755138302430632,0.11596281128004193,0.7783102123066783,0.8701264488045126,3,0.7935665613993718,1.9399144494098088,0.20776823950686846
8.592292741131809,0.8714553599711508,0.36090357042849064,0.3088604570366442,3,1.650126062801422,-1.9041737907058323,7.380493790585846
5.493923146577933,0.29866867419332266,0.8110754920635372,0.1275629724841565,3,0.7802197092064014,-2.4682458417439923,5.30292930106767
-0.9696472632032551,0.14256619941443205,0.9809583812020719,0.9318724276963621,1,0.4247975252208578,2.6889678360539895,0.009202151522631015
8.056341522727013,0.7974695924203843,0.5554110482335091,0.28034451324492693,3,1.542405376511094,-2.00699082430822,8.232966791765037
-0.6324215949991401,0.5027369835879654,0.5961233382113278,0.6413670997135341,2,1.8059800920745754,-0.15238288792922594,3.307290294969945
-1.0613941407816019,0.38161176396533847,0.17486100317910314,0.36185021069832146,2,1.8145732828028285,-1.6968204375809002,5.494653933272426
0.5227188045875019,0.25018837791867554,0.9346948475576937,0.06722480128519237,1,0.41925297050778043,-2.614962992423235,1.5148111340887942
-1.2336301509943555,0.20151385152712464,0.6406850104685873,0.8459158292971551,1,0.9307702871651403,1.670546440200881,0.42483814026609173
-1.7105898785351479,0.9694395032711327,0.14014589530415833,0.3846092929597944,2,1.8700189125260154,-1.6007907587626682,4.727588241501337
1.581575855444421,0.18489889474585652,0.9210672699846327,0.8510052729398012,1,0.9023486018421117,1.7260940851735453,0.3709787655807604
1.0648898584936721,0.4524490558542311,0.400266153505072,0.5156582642812282,1,1.9975806460818517,-0.9541140535884747,2.7438988310586434
-0.6541517130660859,0.4050688766874373,0.939532813616097,0.20961808320134878,2,1.2239171267791096,-2.238070525876405,8.764742225718063
4.662200184205172,0.8563154169823974,0.0015541696920990944,0.9735032978933305,2,0.16629148937310592,3.2488093363417105,5.151012999248687e-5
-2.1051486985572017,0.8924788325093687,0.9587818789295852,0.41488136094994843,2,1.9289180037393976,-1.4660953494965927,3.8621113102838
2.45208414250473,0.5749285861384124,0.9045439625624567,0.10677539277821779,3,0.6583784023243928,-2.5208036274388457,3.935686996734119
-2.2728214267146196,0.34720492409542203,0.028969336999580264,0.09787199320271611,2,0.6053040181167283,-2.542654502227621,3.3470104439539132
-3.798766556500272,0.009897810174152255,0.8238307842984796,0.13421985669992864,2,0.8185587469313256,-2.4509478755244123,5.721740417646681
9.07359374844136,0.6563472289126366,0.9198815624695271,0.2853838636074215,3,1.5623676934531083,-1.9892448805815974,8.09989456810483
-1.793504773291171,0.7706620071548969,0.15144771011546254,0.6976358785759658,2,1.6267203690946848,0.2772012548390448,2.933264410752535
2.879512770685383,0.1938137812539935,0.6713146078400314,0.5432953285053372,3,1.9815280745277764,-0.7947189816071352,2.842302731739413
1.9319307208620724,0.5641107007395476,0.19644600874744356,0.764046283904463,3,1.3504511255178013,0.8505063589765998,1.7901377543741037
-1.6016193104276315,0.9878023969940841,0.1726484599057585,0.5866070145275444,2,1.926425892381455,-0.5265051241086134,3.119285018072283
2.327537980667348,0.6887845108285546,0.8918162269983441,0.3792245271615684,1,1.8577537905471833,-1.6239075593527783,4.901831814964348
1.5041078687372778,0.4859613603912294,0.8930838578380644,0.6949496744200587,2,1.6364812339022863,0.2555759740154633,2.9661185268525068
1.2765424019690546,0.6263695179950446,0.7289339741691947,0.8591681404504925,2,0.8562849544342671,1.8163751022057673,0.29384888904469286
7.57224998182455,0.10915172309614718,0.10830358066596091,0.24789996189065278,3,1.4048526287763055,-2.1170589623889553,8.83023992399839
1.61569364178789,0.27318082051351666,0.3954871667083353,0.3538104903418571,1,1.7927545527971993,-1.7297118944848675,5.7806308067454255
7.996272539255464,0.06059300689958036,0.8142106912564486,0.2247799423057586,3,1.2978444009474706,-2.191247900966637,8.905932216839998
5.686063765617742,0.36072503542527556,0.9337610576767474,0.31648551137186587,3,1.676720938550437,-1.8756727019760278,7.120752062241396
0.9000660128204016,0.15249112364836037,0.9743801585864276,0.07374293194152415,3,0.45920694846398724,-2.5999530978709084,1.864131574114193
-1.9261315151692924,0.1737117839511484,0.29160447255708277,0.3360156244598329,2,1.7404158789637436,-1.800659102622255,6.424791061749126
-2.570448191204159,0.26501606893725693,0.007842594757676125,0.9391615251079202,3,0.37993630016677415,2.7836541732322857,0.0050844457164384346
2.8004297785536125,0.695346025750041,0.5391279635950923,0.5052283108234406,1,1.9997302181189591,-1.012014997848881,2.740023070066411
0.008667103807212362,0.525486646220088,0.15247607976198196,0.1677960951346904,1,1.0061393621465058,-2.360101522914458,7.527563407396939
2.059466561461316,0.9110416611656547,0.7450601251330227,0.826094175921753,2,1.039129142631866,1.4595170079940338,0.6765992068810753
2.1380178460461576,0.8949636977631599,0.635184207232669,0.7798098062630743,2,1.2757685325262376,0.9981413933901955,1.479335137951305
-0.12059245384587886,0.8984727801289409,0.3988450027536601,0.6798122194595635,2,1.6892877576928225,0.13586031796459208,3.124006350114211
2.5024844621581996,0.6300790354143828,0.20190128567628562,0.3764032060280442,1,1.8511150683466164,-1.6359204645220697,4.995125472921079
2.9950606649726463,0.6335460545960814,0.04849296901375055,0.5486119790002704,3,1.9767221913828568,-0.763032102147156,2.872001857454943
-2.7078008794055446,0.41762574133463204,0.4421040643937886,0.5083418195135891,2,1.999313253479349,-0.9948569176205093,2.738894493690068
3.1569969972884135,0.22879994614049792,0.19828258245252073,0.9599210259038955,2,0.25115875553362876,3.061011196310292,5.285915309405135e-4
2.960101066762281,0.013159255497157574,0.7790755461901426,0.5377775093074888,3,1.985931215941933,-0.827250447495445,2.8144367005563016
0.7187052986708116,0.7043838314712048,0.45680690952576697,0.1555639251600951,1,0.9389895574976694,-2.393906278920222,6.940652811947141
0.7783163093216506,0.46614468400366604,0.291271286085248,0.8648768786806613,3,0.8237337117905001,1.8803951099237652,0.24656321676615958
-0.2947845158101179,0.9005715062376112,0.362571265315637,0.9372754585929215,3,0.3915642733035199,2.759021389974844,0.005973037364164281
1.617219528864738,0.37564520398154855,0.8500278245192021,0.9822609350085258,3,0.11140014881905957,3.3726319899434563,5.1181138523290876e-6
0.3123589157049213,0.9848652782384306,0.6968349160160869,0.9657045505009592,3,0.21506800058179368,3.140355100366598,2.2168488763017104e-4
-2.2559519606934297,0.15531244594603777,0.20714828977361321,0.37223263224586844,2,1.8410352629040487,-1.6535546529442011,5.135339739154887
8.39169110893617,0.35638279165141284,0.5879737972281873,0.27679044334217906,3,1.5280939218168847,-2.019399273669587,8.321226320313713
-0.6639814765647125,0.8119400055147707,0.1341291288845241,0.03908305265940726,3,0.2449495148915392,-2.67756774619058,0.40070426308391466
1.8363354526535465,0.882837402401492,0.7253262160811573,0.6508251023478806,1,1.7796534544357987,-0.0835132429709331,3.2908588589677192
